Date,Tweet,Stock Name,Company Name,sentiment_negative,sentiment_neutral,sentiment_positive,sentiment_compound,sentiment_label
2021-10-07,"Confirmed #earnings for October 

https://t.co/lObOE0dgsr 

$AAPL $JPM $TSM $FB $NFLX $SNAP $CLF $BAC $DAL $SQ $PFE $BLK $WFC $WBA $INTC $GOOGL $F $C $DPZ $UNH $GM $JNJ $MS $T $NUE $CMC  $AA $TWTR $BA $QCOM $LRCX 

FYI $AMZN $TSLA $AMD $BABA $MSFT have not scheduled earnings yet https://t.co/9QAaaxXGUx",INTC,Intel Corporation,0.0,0.949,0.051,0.368,Positive
2021-10-14,"TSMC node transitions are slowing down heavily!
At N7, cost/transistor stopped scaling
At N5, cost/transistor went up and SRAM scaling slowed
At N3 cadence moved to 2.5 years and power/SRAM scaling poor
And now N2 is 2025
This Intel/Samsung moment to catch up!
$TSM $INTC $SSNLF",INTC,Intel Corporation,0.113,0.887,0.0,-0.6792,Negative
2021-10-16,"üí•BIG WEEK OF Q3 EARNINGS AHEAD üëÄüëÄ

Mon: -
Tues: $NFLX $JNJ $UAL $PG $HAL
Wed: $TSLA $IBM $HPQ $VZ $LVS
Thurs: $SNAP $INTC $T $AAL $LUV
Fri: $AXP $HON

$DIA $SPY $QQQ $IWM $VIX https://t.co/M0WOZkbnoV",INTC,Intel Corporation,0.0,1.0,0.0,0.0,Neutral
2021-10-16,"A packed earnings week!

$STT
$ELS
$ACO
$STLD
$PACW
$HXL
$CFB
$JNJ
$PG
$NFLX
$PM
$CNI
$BK
$TRV
$DOV
$HAL
$IBKR
$TSLA
$ASML
$VZ
$NEE
$ANTM
$CSX
$BIIB
$NDAQ
$EFX
$XM
$INTC
$SNAP
$SAP
$T
$FCX
$LUV
$FAF
$OLN
$ON
$AXP
$HCA
$ROP
$SLB
$RF

Full list with plays: https://t.co/lNGVHeFz2o https://t.co/bBXD3zbAyP",INTC,Intel Corporation,0.0,0.956,0.044,0.3164,Positive
2021-10-17,"üí•This Week's Most Notable #Earnings (via @eWhispers)

Mon: $STLD $ZION
Tues: $NFLX $JNJ $UAL $HAL $PG $PM $BK $IBKR $SI
Wed: $TSLA $IBM $ASML $LRCX $HPQ $VZ $LVS $NEE $KMI $NDAQ $WGO
Thurs: $SNAP $INTC $T $AAL $LUV $BX $FCX $NUE $CROX $CMG $SAM
Fri: $AXP $CLF $SLB $HON

$SPY https://t.co/OB24J74zOv",INTC,Intel Corporation,0.0,1.0,0.0,0.0,Neutral
2021-10-17,"A packed earnings week!

$STT
$ELS
$ACO
$STLD
$PACW
$HXL
$CFB
$JNJ
$PG
$NFLX
$PM
$CNI
$BK
$TRV
$DOV
$HAL
$IBKR
$TSLA
$ASML
$VZ
$NEE
$ANTM
$CSX
$BIIB
$NDAQ
$EFX
$XM
$INTC
$SNAP
$SAP
$T
$FCX
$LUV
$FAF
$OLN
$ON
$AXP
$HCA
$ROP
$SLB
$RF

Full list with plays: https://t.co/lNGVHeFz2o https://t.co/wsvdq2LH2X",INTC,Intel Corporation,0.0,0.956,0.044,0.3164,Positive
2021-10-17,"‚ö†Ô∏è3 Stocks To Watch This Week:

-Netflix
-Tesla
-Intel

üëâ https://t.co/P5tUZJousX 

$NFLX $TSLA $INTC https://t.co/LdDXq2CwPR",INTC,Intel Corporation,0.0,1.0,0.0,0.0,Neutral
2021-10-18,"$INTC 

Fuck. https://t.co/LQauwjIX7D",INTC,Intel Corporation,0.636,0.364,0.0,-0.5423,Negative
2021-10-19,"Update on Apple, Tesla, Amazon, Nvidia, $SPY, $QQQ, AMD, Disney, AMC, Micron, Bitcoin, and Ethereum!

Content
Technology $AAPL $AMZN $AMD $NVDA $MSFT $TSLA $ENPH $MU $INTC
Reopening / Inflation $DIS $AMC $UUUU $CPER $VALE
Crypto $BTC $ETH $MARA $RIOT $MSTR
https://t.co/oQUGNbONDE",INTC,Intel Corporation,0.102,0.86,0.038,-0.6027,Negative
2021-10-21,"$5053.66 for Q4 üî• üî• 
(My #Dividend for the rest of the year)
Big names like:
$XOM $O $T $VZ $AAPL $SBUX $SPG 
$INTC $JNJ $PFE $WBA $NLY $BP https://t.co/dqU0ImzpTd",INTC,Intel Corporation,0.14,0.787,0.073,-0.3182,Negative
2021-10-21,EARNINGS: Intel Q3 EPS $1.71 Adj. vs. $1.11 Est.; Q3 Revs. $18.1B vs. $18.24B Est. ‚Ä¢ $INTC https://t.co/DyneXDAzB0 https://t.co/Y3FpRzWs9w,INTC,Intel Corporation,0.0,1.0,0.0,0.0,Neutral
2021-10-21,"$DWAC TRUMP SOCIAL MEDIA COMING FOR ALL THE PLATFORMS LOL 

$SNAP DOWN 30%

$INTC  DOWN 6% 

$FB DOWN 7%",INTC,Intel Corporation,0.0,0.836,0.164,0.5473,Positive
2021-10-21,I'm just letting y'all know I had to put my money where my mouth is. So 3500 contract on the $INTC 54 Put for this Friday. I'm out here. If you missed Tuesday than you missed an opportunity. Don't Intel the sun will come up tomorrow. #iAMWHOIAM #LEARNEARN #thecomeupseries,INTC,Intel Corporation,0.083,0.865,0.053,-0.1531,Negative
2021-10-22,"üê≥ news:

- @federalreserve listens to @unusual_whales 
- $DWAC: üìàüìàüìà
- $SNAP -27% AH, $FB/ $TWTR down
- Biden: üìà tax $400,000
- $TSLA: enforcing strict FSDa rules
- $INTC: shortage till 2023
- $LCID: sedans in 2023
- $SNDL x $TLRY?
- Futures ü§¢: https://t.co/TB1xWVfF66 https://t.co/Eak4lhRzdW",INTC,Intel Corporation,0.036,0.964,0.0,-0.25,Negative
2021-10-22,"Intel Betting The Farm
Shrinking business, margins down for a few years, but aggressively investing $40B-$43B a year, more with subsidies!
$INTC could follow the path of other American goliaths such as IBM and General Electric, but instead they will fight!
https://t.co/ATANgneYvK",INTC,Intel Corporation,0.148,0.852,0.0,-0.7866,Negative
2021-10-22,Absolutely ridiculous Why $IBM and $INTC are still part of the Dow Jones Index. Take them nasty shits outs already and add $NVDA and $AMZN. https://t.co/AKt123UzCT,INTC,Intel Corporation,0.292,0.708,0.0,-0.8588,Negative
2021-10-24,"Some of the best Dividend/Dividend Growth stock that money can buy:
$PEP
$O
$HD
$KO
$MSFT
$MMM
$AAPL
$JPM
$PG
$JNJ
$T
$MCD
$SPG
$COST
$V
$VZ
$SBUX
$MA
$NKE
$XOM
$MO
$WMT
$BAC
$INTC
$PFE
$WBA
$IRM
Add them to your watchlist, research them and build true passive income.",INTC,Intel Corporation,0.0,0.801,0.199,0.886,Positive
2021-10-25,"#OPTIONS IDEAS

$EBAY 82c &gt; 81.04 | 79p &lt; 79.95 
$INTC 50.5c &gt; 50.07 | 49p &lt; 49.31
$WBA 50c &gt; 49.80 | 49p &lt; 49.09
$ROKU 330c &gt; 327.04 | 315p &lt; 315.37

LIKE FAST FOR A SECRET PLAYüö®",INTC,Intel Corporation,0.0,0.866,0.134,0.7481,Positive
2021-10-26,"AMD smashes earnings with $4.3B vs $4.1B guidance. 
Revenue goes from 99% YoY to 54% YoY, but FCF continues to soar
Q4 is guided $4.5B, 39% YoY growth. Deceleration likely due to supply constraints
Gross margins are at 48%, in 2022 AMD could have higher GM than Intel
$AMD $INTC https://t.co/94eHfU4zGK",INTC,Intel Corporation,0.073,0.866,0.06,-0.1901,Negative
2021-10-28,"#LOTTOFRIDAY IDEAS

Be Advised ‚Äî High Risk 0DTE

$MSFT 327.5c &gt; 324.86 | 320p &lt; 322.3
$NVDA 252.5c &gt; 249.5| 245p &lt; 245.25
$BAC 48.5c &gt; 48 | 47p &lt; 47.43
$INTC 49c &gt; 48.37| 47p &lt; 47.77

LIKE FOR EXTRA PICKSüíé",INTC,Intel Corporation,0.044,0.887,0.068,0.2808,Positive
2021-10-29,"#LOTTOFRIDAY RESULTS

$MSFT 327.5c .21 to 4.14 (1872%)
$NVDA 252.5c .92 to 4.60 (400%)
$BAC Trigger Failed
$INTC 49c .02 to .33 (1550%)

PLS LIKE THIS IF I HELP YOU‚ù§Ô∏è https://t.co/aH0AiDir9J",INTC,Intel Corporation,0.08,0.707,0.212,0.6596,Positive
2021-11-02,"What are the most discussed tickers on reddit this AM?

1. $TSLA
2. $GME
3. $SPY
4. $AMD
5. $AAPL
6. $MSFT
7. $PBIO
8. $AMC
9. $LCID
10. $INTC

Full list: https://t.co/EZ76Fz5BsT https://t.co/3FB1kIL50y",INTC,Intel Corporation,0.0,1.0,0.0,0.0,Neutral
2021-11-05,Added more $INTC - $55 CALLS EXP. 11/12 @ $0.11 with no stop losses because this is a ‚ö†Ô∏èLOTTO PLAY - only put small amount you can afford to lose‚ö†Ô∏è,INTC,Intel Corporation,0.073,0.73,0.197,0.5543,Positive
2021-11-05,"APPLE‚ÄôS ROAD MAP FOR MAC CHIPS SHOWS LIKELY ADVANTAGE OVER INTEL - THE INFORMATION
$AAPL $INTC",INTC,Intel Corporation,0.0,0.846,0.154,0.4084,Positive
2021-11-06,"Top 50 NASDAQ Jumps in Shorts 

$WISH $SOFI $PROG $BTBT $SIRI $AMD $PLUG $BBBY $KDP $INTC $MU $DUSCA $OCGN $DLTR $MAT $ATVI $ON $EDIT $CSCO $ME $PHAS $QRTEA $VXRT $TROW $VYGR $FAST $IQ $ENJY $NTES $POWW $FFIE $VTRS $TTD $CRSP $FYBR $RIDE $CROX $MNDT $EXAS $JBLU $AFRM $ABCL $LILM https://t.co/zwqwXZG8EW",INTC,Intel Corporation,0.0,0.902,0.098,0.6408,Positive
2021-11-08,"Bro chill $AAPL ain‚Äôt done, $WISH ain‚Äôt done, $PPSI can sell anytime idc, $INTC may add more 11/19‚Äôs for the lotto calls &amp;‚Äô yeah",INTC,Intel Corporation,0.0,0.796,0.204,0.6841,Positive
2021-11-09,"11/9 Watchlist üîÆ

$MSFT 340c &gt; 337.65 | 322.5p &lt; 336.20
$BA 230c &gt; 223.35 | 217.5p &lt; 222
$INTC 52.5c &gt; 51.85 | 51p &lt; 51.30
$BBBY 25c &gt; 22.15 | 20p &lt; 20.85
$TTD 95c &gt; 89.75 | 85p &lt; 87.55",INTC,Intel Corporation,0.0,1.0,0.0,0.0,Neutral
2021-11-09,"11/9 Watchlist Flow üåä

$MSFT - 340c heavy hitters, main watch.

$BA - 230c BIG HITS, very OTM as well. üêÇ

$INTC - 52c and 52p both seeing action, could move both ways.

$BBBY - 25c tops the chart on an inside bar. üëÄüéØ

As always, @unusual_whales is the üêê. https://t.co/edm0qHFarX",INTC,Intel Corporation,0.0,0.902,0.098,0.6872,Positive
2021-11-12,"Dividend line up in my Robinhood account:

$INTC $WFC $ET $MAIN $PBCT $OHI $AAPL https://t.co/WwUKGo25KB",INTC,Intel Corporation,0.0,1.0,0.0,0.0,Neutral
2021-11-12,"Floki Inu Will Be the Next Shiba Inu, Plain and Simple - article I wrote for @investorplace https://t.co/EwrCzgLZ9F #flokiinu $FLOKI $FLOK $SHIB $BTC #blockchain #bitcoin #cryptos #crypto $DOGE $SPY $QQQ $DIA $DJIA #stockmarket #investing #finance #stocks $AAPL $TSLA $AMZN $INTC",INTC,Intel Corporation,0.0,1.0,0.0,0.0,Neutral
2021-11-13,"You can find dividend stocks in many different sectorsüí∞

Techüí∞
$AVGO
$TXN
$MSFT
$INTC

Industrialsüí∞
$CAT
$HON
$LHX
$MMM

Retailüí∞
$WMT
$TGT
$COST
$HD

Healthcareüí∞
$PFE
$JNJ
$MRK
$ABBV

Real Estate
$O
$PLD
$STAG
$MAIN",INTC,Intel Corporation,0.0,1.0,0.0,0.0,Neutral
2021-11-15,Heavyweight Champion Tyson Fury Now Fights For Floki Inu's War On Dogecoin https://t.co/5Onnhvnm75 #flokiinu $FLOKI $FLOK $SHIB $BTC #blockchain #bitcoin #cryptos #crypto $DOGE $SPY $QQQ $DIA $DJIA #stockmarket #investing #finance #stocks $AAPL $TSLA $AMZN $INTC,INTC,Intel Corporation,0.228,0.686,0.086,-0.7506,Negative
2021-11-20,"Weekly Update on Apple, Amazon, Tesla, the S&amp;P 500, Nasdaq, Russel 2000, Micron, Homebuilders, Disney, and Crypto

Tech: $AAPL $AMZN $QQQ $GOOGL $QCOM $MU $TSM $INTC
Value: $SPY $IWM $XLV $DIS $XHB
Growth + Memes: $TSLA $NEE $ENPH $AMC $GME $NOK $TWTR $LTC
https://t.co/w1b3tnspsb",INTC,Intel Corporation,0.0,0.86,0.14,0.6908,Positive
2021-11-21,"1, 5, 10 year % returns

1 year
$NVDA +151
$F +119
$TSLA +117
$AMD +82
$CSCO +31
$INTC +10

5yrs
$TSLA +2791
$AMD +1672
$NVDA +1319
$CSCO +108
$F +98
$INTC +58

10 yrs
$TSLA 17,627
$NVDA 9,422
$AMD 2,832
$CSCO 304
$INTC 186
$F 185

filed under
""interesting, but useless""",INTC,Intel Corporation,0.067,0.9,0.033,-0.431,Negative
2021-11-22,"11/22 Options Results

$FSR 22c .95 to 1.27 (33%)
$INTC 50c .37 to 1.02 (175%)
$RBLX 130p 4.30 to 13.70 (218%)
$AMD 160c 2.10 to 4.25 (102%)
$NIO Gapped up, No retest.

Like Fast for Tomorrow‚Äôs Picksüí£ https://t.co/a4jymzkaql",INTC,Intel Corporation,0.173,0.827,0.0,-0.7587,Negative
2021-11-22,"11/22 Options Watchlist

$FSR 22c &gt; 21.85 | 20.5p &lt; 20.70
$NIO 40c &gt; 39.10 | 38p &lt; 38.00
$INTC 50c &gt; 49.73 | 49p &lt; 49.24
$RBLX 140c &gt; 137.41 | 130p &lt; 131.33
$AMD 160c &gt; 156.92 | 150p &lt; 153.44

199 likes for swing ideas! üéÅ",INTC,Intel Corporation,0.0,0.889,0.111,0.7177,Positive
2021-11-30,$AMZN says its new chips will compete with $NVDA and $INTC,INTC,Intel Corporation,0.0,1.0,0.0,0.0,Neutral
2021-12-02,"12/2 Watchlist üéÑ

$SQ 202.5c &gt; 196.75 | 187.5p &lt; 192.25
$QCOM 180c &gt; 177.10 | 170p &lt; 174
$INTC 49c &gt; 48.85 | 48p &lt; 48.35
$PLUG 38c &gt; 37.35 | 35p &lt; 36
$RIOT 38c &gt; 36.65 | 33p &lt; 34.70",INTC,Intel Corporation,0.092,0.908,0.0,-0.6523,Negative
2021-12-02,"12/2 Watchlist üåä

$SQ: Some bought the dip, but lots of puts. Sitting on strong support.

$QCOM: Great short setup, but lots of action on 180c-190c

$INTC: Next week 52.5c with big action, weeklies hit too.

$PLUG: Make-or-break. Lots of flow both ways!

Credit: @unusual_whales https://t.co/J4puaRJure",INTC,Intel Corporation,0.0,0.713,0.287,0.9604,Positive
2021-12-05,"12/6 Watchlist üåä

$PFE: Big 55c &amp; 56c volume on Fri. Watching closely.

$V: Can't ignore the 200c volume. Looks good either way. üé≤

$INTC: Flow stays heavy, 50c üî®

$WMT: 140c looking good for a bounce!

Credit: @unusual_whales üê≥ https://t.co/EGtc1t0Ahk",INTC,Intel Corporation,0.073,0.726,0.201,0.7097,Positive
2021-12-06,"12/7 Watchlist üåä

$TWTR: Can't ignore the weekly 48c action &amp; 12/17 50c üî®

$DIS: Lots going on here, big move either way. 155c bounce, 145p fail.

$INTC: I don't think it's done. Watching 52c if green.

$RIOT: 30c big vol, even 31c. 25p for downside

Credit: @unusual_whales https://t.co/YHPZRyx5vv",INTC,Intel Corporation,0.165,0.756,0.079,-0.7289,Negative
2021-12-06,"12/7 Watchlist üîÆ

$TWTR 46c &gt; 45.00 | 43p &lt; 43.90
$DIS 155c &gt; 151.50 | 145p &lt; 149.50
$INTC 52c &gt; 51.20 | 50p &lt; 50.75
$RIOT 31c &gt; 29.10 | 26p &lt; 27.20
$LI 32c &gt; 31.05 | 28p &lt; 29.80",INTC,Intel Corporation,0.092,0.908,0.0,-0.6523,Negative
2021-12-06,"$INTC

Mentioned this on Spaces with @YourBoyMilt. The flow could not be ignored.

1: Triggers

2: Flow from Friday showed plenty of OTM action, especially 50c.

3: Today action, 51-52.5 continual action. 

$INTC didn't stop all day. @unusual_whales helped me catch it. üß≤ https://t.co/a8iwoDMOxA",INTC,Intel Corporation,0.0,0.916,0.084,0.431,Positive
2021-12-06,"TSMC founder Morris Chang said he doubts Intel CEO Pat Gelsinger can restore Intel to its former glory, media report. Intel's mandatory retirement age is 65-years old, and as Gelsinger is already 60, Chang does not believe he has enough time. $INTC $TSM #semiconductor",INTC,Intel Corporation,0.045,0.813,0.142,0.5859,Positive
2021-12-06,"Possible Results from TriggerüèÜ

$PFE 52.5c: .84 ‚û°Ô∏è 1.88 ‚úÖ 123%

$V 202.5c: 1.60 ‚û°Ô∏è 4.00 ‚úÖ 150%
(call trig retest)

$INTC 50.5c: .50‚û°Ô∏è 1.10 ‚úÖ 120%

$WMT 140c: .64 ‚û°Ô∏è .95 ‚úÖ 48%
(call trig retest)

$NIO üö´ (good for a couple scalps) https://t.co/L1nVNuZWb7",INTC,Intel Corporation,0.0,0.955,0.045,0.4404,Positive
2021-12-07,"If I had a dollar for every time I said ""can't ignore the $INTC flow"" yesterday and today.

Been on my WL both days. Somebody ALWAYS knows something. https://t.co/8VEwEHWJ7R",INTC,Intel Corporation,0.0,0.93,0.07,0.2755,Positive
2021-12-07,"Update: Equities surging this morning (SPX +1.3%, NDX +1.7%, Europe +2.0%) as investors add back risk with omicron risks subsiding, MS $AAPL upgrade, and $INTC Mobileye IPO plans. TSLA +3.7% pre-mkt appropriate  with 2.0x beta, and likely strong Nov China vols (55K-60K) tonight.",INTC,Intel Corporation,0.088,0.842,0.069,0.0258,Neutral
2021-12-07,"Good morning TRADERS üëçüí•

Glad to be back and share my #stickynote with you üíØ

$INTC with big news, let's see if it holds highs, $LCID $TSLA bothbon watch, while both $SOFI and $HUT are too low hereüòé

$AMD should test FRIDAY close as the market looks readyüìà
#stocks #Traders https://t.co/Wz7d5yoLZ3",INTC,Intel Corporation,0.065,0.744,0.191,0.8402,Positive
2021-12-07,"*INTEL PLANS TO LAUNCH $50B IPO OF ITS MOBILEYE SELF-DRIVING-CAR UNIT IN 2022

$INTC +8% https://t.co/pYNNxjbmJN",INTC,Intel Corporation,0.0,1.0,0.0,0.0,Neutral
2021-12-07,"Data creation is growing exponentially with a noticeable uptick starting in 2023. By 2025, there will be 44x more data created than in 2003. This will drive demand for storage/memory.

$WDC $INTC $MU $TSM $SSNLF https://t.co/Fcjsgrr8px",INTC,Intel Corporation,0.038,0.809,0.154,0.5542,Positive
2021-12-07,"JUST IN:

$INTC to list public shares of Mobileye, a self-driving car unit.",INTC,Intel Corporation,0.0,0.845,0.155,0.296,Positive
2021-12-08,"If something is ever on my list 2 days in a row take note. Last 2 were:

$INTC
$TWTR

Both absolute bangers. I have no problem playing something 2 days in row.",INTC,Intel Corporation,0.047,0.886,0.067,0.1695,Positive
2021-12-11,THIS is $intc of 1999/2000 vs. $amd today.. How Ironic https://t.co/DwZKR0qfOc,INTC,Intel Corporation,0.13,0.87,0.0,-0.128,Negative
2021-12-15,"Intel-TSMC Rumors: Intel's CEO asked TSMC to provide 7/6nm, 5/4nm and 3nm manufacturing for Intel chips, including dedicated 3nm production lines for Intel CPUs and GPUs, media report. TSMC wants front payments for Intel-only 3nm production lines.
1/2 $INTC $TSM #semiconductors",INTC,Intel Corporation,0.0,0.93,0.07,0.4588,Positive
2021-12-18,"Some of the best Dividend/Dividend Growth stock that money can buy!

$PEP
$O
$HD
$KO
$MSFT
$MMM
$AAPL
$JPM
$PG
$JNJ
$T
$MCD
$SPG
$COST
$V
$VZ
$SBUX
$MA
$NKE
$XOM
$MO
$WMT
$BAC
$INTC
$PFE
$WBA
$IRM

Add them to your watchlist, research them and build true passive income.",INTC,Intel Corporation,0.0,0.797,0.203,0.8932,Positive
2021-12-22,@unusual_whales PUTS ON $INTC,INTC,Intel Corporation,0.0,1.0,0.0,0.0,Neutral
2021-12-22,"TSMC, the drug dealer, is trying to make an addicted junkie out of Intel
Wafer supply agreement insights including prepayment terms/capacity agreements for AMD, Apple, Broadcom, Intel, MediaTek, Nvidia, and Qualcomm
$INTC $TSM $AMD $AAPL $AVGO $NVDA $QCOM
https://t.co/8803sN8S6R",INTC,Intel Corporation,0.0,0.875,0.125,0.6486,Positive
2021-12-26,"12/27 Watchlistüö®

üíæ $INTC 52c&gt; 51.6 | 51.05 &lt;51p 
üí≥ $PYPL 200c&gt; 193 | 190.75 &lt;185p
üëæ $MARA 42c&gt; 39.05 | 37.3 &lt;35p
 üè• $CVS 103c&gt; 101.75 | 100.95 &lt;100p

Thank you @AdamSliverTrade for the review! ü§ù

Flow via @unusual_whales posted belowüëá",INTC,Intel Corporation,0.0,0.903,0.097,0.6588,Positive
2021-12-28,$INTC is going to be buying a lot of assembly and test equipment over the next few years. $TER $KLIC $COHU $ATEYY $BESIY https://t.co/Np344vaIuL,INTC,Intel Corporation,0.0,1.0,0.0,0.0,Neutral
2022-01-01,Chip Stocks Are Booming. Where to Find Bargains Now $MU $QRVO $AMKR $SWKS $QCOM $INTC $MCHP $LRCX $AMAT $KLAC $ON $AVGO $NXPI $MCHP $IIVI https://t.co/YLvxmVAFM2 https://t.co/RdCEiV1H4k,INTC,Intel Corporation,0.0,1.0,0.0,0.0,Neutral
2022-01-02,"HIGH CONFIDENCE WATCHLIST FOR 01/03/21:

- $INTC Calls above 52.15 Puts under 51.47
- $AAPL Calls above 178.58 Puts under 177.27
- $NIO Calls above 31.88 Puts under 30.23
- $DIS Calls above 155.97 Puts under 154.61

50‚ù§Ô∏è's FOR A BONUS PLAY/CHART TONIGHT! (FLOW @unusual_whales) https://t.co/velxEMPuuX",INTC,Intel Corporation,0.0,0.843,0.157,0.8611,Positive
2022-01-02,"""It almost doesn‚Äôt matter what you know... 
It‚Äôs execution that‚Äôs everything.‚Äù 
                   Andy Grove, former CEO- $INTC",INTC,Intel Corporation,0.073,0.927,0.0,-0.046,Neutral
2022-01-04,"1/4 Watchlist üîÆ

$BAC 47c &gt; 46.38 | 45.5p &lt; 45.95
$PYPL 197.5c &gt; 196 | 192.5p &lt; 193.85
$INTC 54c &gt; 53.50 | 52.5p &lt; 52.95
$XPEV 53c &gt; 51.00 | 48p &lt; 49.60
$TSM 131c &gt; 129.60 | 127p &lt; 128.10",INTC,Intel Corporation,0.0,1.0,0.0,0.0,Neutral
2022-01-05,"1/5/22 Eve Watchlist ü§ë

$BABA 118p &lt; $120.95
$INTC 52.5c &gt;  $53.20
$AFRM 95c &gt; $84.60
$WFC 52.5c &gt; $52.4
$PINS 34p &lt; $33.35

Caution wide spreads. When trading no, set a low bid. No fill? Np. I wont chase ask

Flow via @unusual_whales
Will revisit in AM. #optionstrading #stocks https://t.co/IdcupHZOva",INTC,Intel Corporation,0.079,0.921,0.0,-0.5106,Negative
2022-01-05,"My top 10 ideas for the next 5 years:

1. $TSLA
2. $SQ
3. $TDOC
4. $NVTA
5. $BYND
6. $ENPH
7. $ABBV
8. $SMLR
9. $INTC
10. $SPOT

Expected portfolio IRR: 25% per annum, based on valuations today and very modest capital allocation and ROIC targets.

This is 95% of my net worth.",INTC,Intel Corporation,0.0,0.934,0.066,0.4019,Positive
2022-01-06,"Jeff Wilcox, Apple's Director of Mac System Architecture has left @Apple after 8 years and leading the Apple Silicon transition for Mac's.
Jeff Wilcox is returning to @intel as leader of the Client SoC Architecture as CTO of Design Engineering Group.
$INTC $AAPL
h/t @stock_vader https://t.co/w7AMvapYrm",INTC,Intel Corporation,0.0,1.0,0.0,0.0,Neutral
2022-01-06,"Advanced Packaging Part 2
Review of options/use from Intel, TSMC, Samsung, AMD, ASE, Sony, SKHynix, YMTC and Nvidia
CoWoS-L/S/R, EMIB, FOEB, FOSiP, Foveros Omni Foveros Direct, InFO-OS/LSI/SoIS/SOW, SoIC, X-Cube, XStacking
$INTC $TSM $ASX $SSNLF $AMD $NVDA
https://t.co/XwUcxhPvPd",INTC,Intel Corporation,0.0,0.947,0.053,0.25,Positive
2022-01-10,"$2k Compounding Challenge

Took one trade on $INTC today. I bought 10 contracts at $0.89 and sold at $1.00 for $110 profit. Started with $2000 and currently at $2611 https://t.co/0HRsf7B5eU",INTC,Intel Corporation,0.0,0.87,0.13,0.4939,Positive
2022-01-10,"1/11 Watchlist:

$AFRM over 80.1 | under 76.25
$RBLX over 87.1 | under 83.7
$MSFT over 316 | under 312.3

Small Accounts:
$INTC over 55.55 | under 54.85
$PLTR over 16.75 | under 16.25
$DKNG over 26.7 | under 25.75

Flow below, cred @unusual_whales",INTC,Intel Corporation,0.0,1.0,0.0,0.0,Neutral
2022-01-12,$INTC $AMD Lower as Microsoft $MSFT Hires Apple Engineer to Design Own Server Chips,INTC,Intel Corporation,0.145,0.855,0.0,-0.296,Negative
2022-01-12,"Good Morning Traders üí™üí•

PLS RE-TWEET üôå

Hard to make this list before CPI but we will try.  

Loving $AAPL on notes from $GS, also $INTC breaking above $56 should be a LONG üöÄüòé

Waiting for a better place to SHORT $LCID and LOVE the $F 23.50 support ü§ëüí™ $AMC

#stickynote https://t.co/VQfNT4bKu2",INTC,Intel Corporation,0.036,0.638,0.326,0.9802,Positive
2022-01-12,"1/12/2022 Watchlist ü§ë

$DASH 150C &gt; $145
$LCID 46c &gt; $44.50 
$IBM 132p &lt; $133.95
$INTC 55c &gt; $55.60

Obey your stops. We're getting BIG wins. Why let any bad trade run you down? Stay disciplined!

#optionstrading #optiontrades #stockstowatch
See pt 2 for multiple directionals! https://t.co/xljupgLsKz",INTC,Intel Corporation,0.106,0.824,0.069,-0.2462,Negative
2022-01-13,$TSM will produce 3nm chips for $INTC at a new factory in Northern Taiwan,INTC,Intel Corporation,0.0,1.0,0.0,0.0,Neutral
2022-01-17,"$AMD $AMZN etc. still haven't scheduled, but here's a look at the coming #earningsseason 

https://t.co/lObOE0dgsr 

$TSLA $AAPL $GS $BAC $MSFT $SCHW $NFLX $MS $FB $PNC $ASML $UNH $BK $AAL $F $PG $TFC $CLF $INTC $AA $BA $T $SBNY $MBWM $FMBI $ONB $FAST $UPST $FBK $GNTY $PFE $GE https://t.co/Eu1x2pPflD",INTC,Intel Corporation,0.0,1.0,0.0,0.0,Neutral
2022-01-19,"*INTEL CEO GELSINGER INTENDS TO COMPETE AGAINST NVIDIA IN GPUS
$INTC $NVDA",INTC,Intel Corporation,0.0,1.0,0.0,0.0,Neutral
2022-01-21,"I spoke with @intel CEO @PGelsinger this morning about the $INTC $20B chip fab commitment in Ohio. Site is within a 3-hour drive of 5 other states. Follow-on economic impact of such a site is huge for the Midwest. @SquawkCNBC 
 https://t.co/bAsjSeEAf6",INTC,Intel Corporation,0.0,0.828,0.172,0.7845,Positive
2022-01-21,Hard to overstate what a big deal it is that Intel will build a $20 billion complex to make semiconductor chips in Ohio; U.S. only produces 12% of the world's chips now - semiconductors are absolutely essential to national/economic security $INTC,INTC,Intel Corporation,0.033,0.911,0.056,0.25,Positive
2022-01-22,"Most Anticipated Releases 
$AAPL $BA $GE $HAL $INTC $JNJ $MSFT $TSLA $T $VZ
https://t.co/uM1KBBIg4U https://t.co/EAn3wNzgpX",INTC,Intel Corporation,0.0,1.0,0.0,0.0,Neutral
2022-01-22,"üí•BIG WEEK OF Q4 EARNINGS AHEAD üëÄ

*Mon: $IBM $HAL
*Tues: $MSFT $JNJ $GE $VZ $AXP $TXN
*Wed: $TSLA $INTC $BA $T $FCX
*Thurs: $AAPL $HOOD $MCD $V $MA $NUE 
*Fri: $CVX $CAT

$DIA $SPY $QQQ $IWM $VIX https://t.co/aaPIjQqOUC",INTC,Intel Corporation,0.0,1.0,0.0,0.0,Neutral
2022-01-22,"Exciting week of fun filled ER and Popcorn  üçø with FOMC Wednesday 

Interesting names: $IBM $MSFT $BA $INTC $TSLA $LECX $MA $AAPL $V $CAT $MCD https://t.co/t4y6DHZKna",INTC,Intel Corporation,0.0,0.714,0.286,0.8481,Positive
2022-01-22,"Intel's capex will be $25B to $28B for 2022, 2023, and 2024, but with the $52B Chips Act, it could be $33B to $37B.
There's a 40% tax credit on tools purchased and used in US.
Tools are about 80% of capex.
$INTC $TSM $LRCX $ASML $AMAT $TOELY $KLAC $NVMI $ONTO $CAMT $ASMIY",INTC,Intel Corporation,0.0,0.939,0.061,0.5267,Positive
2022-01-22,"Some implied moves for #earnings next week - 489 companies reporting(1of3):

$AAPL 5.3%
$TSLA 10.2%
$INTC 7.2%
$LRCX 8.1%
$MSFT 6.3%
$TXN 5.8%
$IBM 7.3%
$BA 6.1%
$CAT 4.8%
$MA 5.3%
$V 4.9%
$X 11.0%
$MCD 3.7%
$FCX 7.2%
$ABT 4.4%
$ANTM 5.2%
$KMB 3.6%
$NDAQ 7.1%
$GLW 6.1%
$LVS 7.3%",INTC,Intel Corporation,0.0,1.0,0.0,0.0,Neutral
2022-01-23,"Intel's recently announced $20 billion chip manufacturing complex in Ohio will include two new plants but could expand to as many as eight, counting it among the largest semiconductor manufacturing locations globally. #chipshortage #supplychain $INTC https://t.co/cQMhVj5ZJn",INTC,Intel Corporation,0.0,0.922,0.078,0.4497,Positive
2022-01-23,"Happy Sunday!

*Here Are My #Top5ThingsToKnowThisWeek:

- Fed Meeting, Powell Speech
- U.S. Inflation Data, Q4 GDP
- $AAPL $MSFT $TSLA Earnings
- $INTC $IBM $HOOD $V $MA Also Report
- $BA $CAT $MCD $JNJ $GE $VZ $T $CVX Results

*May The Trading Gods Be With You üôè

$DIA $SPY $QQQ https://t.co/6aHx3w9Kg6",INTC,Intel Corporation,0.0,0.929,0.071,0.6114,Positive
2022-01-23,"üí•This Week's Most Notable #Earnings:

*Mon: $IBM $HAL $STLD $ZION
*Tues: $MSFT $JNJ $MMM $VZ $AXP $GE $LMT $RTX $TXN
*Wed: $TSLA $INTC $LRCX $BA $T $FCX $ABT $KMB $NDAQ $LVS $NOW
*Thurs: $AAPL $HOOD $MCD $V $MA $LUV $JBLU $NUE $X $MO $BX $TEAM
*Fri: $CAT $CVX $CL

$DIA $SPY $QQQ https://t.co/3ZkeUzX1N0",INTC,Intel Corporation,0.0,1.0,0.0,0.0,Neutral
2022-01-23,"HIGH CONFIDENCE WATCHLIST FOR 01/24/22:

- $INTC Calls above 52.77 Puts under 51.95
- $DIS Calls above 139.35 Puts under 136.6
- $PTON Calls above 29.48 Puts under 26.57
- $FB Calls above 315.5 Puts under 299.5

111‚ù§Ô∏è's FOR ANOTHER LOTTO PLAY THIS WEEK! (Flow: @unusual_whales) https://t.co/rKV7s3ngY6",INTC,Intel Corporation,0.0,0.863,0.137,0.8155,Positive
2022-01-24,$INTC expected to announce #Bitcoin purpose built chip next month,INTC,Intel Corporation,0.0,1.0,0.0,0.0,Neutral
2022-01-25,"You can find dividend stocks in many different sectorsüí∞

Techüí∞
$AVGO
$TXN
$MSFT
$INTC

Industrialsüí∞
$CAT
$HON
$LHX
$MMM

Retailüí∞
$WMT
$TGT
$COST
$HD

Healthcareüí∞
$PFE
$JNJ
$MRK
$ABBV

Real Estate
$O
$PLD
$STAG
$MAIN",INTC,Intel Corporation,0.0,1.0,0.0,0.0,Neutral
2022-01-25,"One of the busiest weeks of Q4 earnings season is here, with close to 20% of the Nasdaq-100 reporting this week. Below is a preview of the most notable companies set to report:

$MSFT $TSLA $AAPL $NOW $INTC https://t.co/YQhTbWjptg",INTC,Intel Corporation,0.0,1.0,0.0,0.0,Neutral
2022-01-26,"Good morning TRADERS üí•üëç

PLS RE-TWEET #stickynote ü§ë

$MSFT after market we saw $270, amazing. Great Q, now above $300 support $298

$INTC $AMD should rock today with an up market, $DKNG upgrade by $MS, I like itüíØüòé

$TSLA interesting, but $RIVN I still look short. $AMC $15.50 https://t.co/IDXj5lKuEd",INTC,Intel Corporation,0.026,0.736,0.238,0.8783,Positive
2022-01-26,"üîî $TSLA üöó beats 2021 Q4 earnings, while $INTC üë®‚Äçüíª has a mixed bag",INTC,Intel Corporation,0.0,1.0,0.0,0.0,Neutral
2022-01-27,"#Intel hikes dividend by exactly 5 percent, matching the increase in the previous three years. $INTC",INTC,Intel Corporation,0.0,0.867,0.133,0.3182,Positive
2022-01-27,"Good morning TRADERS üí•üëç

PLS RE-TWEET (more üëÄ the better) #stickynote

$NFLX her some @BillAckman love today ü§ë while $INTC and $AMD both at key levels‚úÖ

Would rather trade $RIVN and $F over $TSLA and let's not forget about $AMC at the $15.50 level.üò¨

#trading #stocks https://t.co/53cyyr9FPI",INTC,Intel Corporation,0.072,0.722,0.206,0.8427,Positive
2022-01-27,"üìü Stock-on-a-Pageüìü

I just bought some additional shares of $INTC @ 48.40

The multi-year/billions of CAPEX required to build the Fabs have been taken into account in the fair value calculation.

What do you think about the stock?

#Intel #Stock #Undervalued #StockMarket https://t.co/0O5wsEGLvL",INTC,Intel Corporation,0.0,0.856,0.144,0.7096,Positive
2022-01-28,Bought 1 Share of $MMM at $162.28 and 2 Shares of $INTC at $46.82,INTC,Intel Corporation,0.0,0.732,0.268,0.5267,Positive
2022-02-01,"China to launch platform with Tsinghua for forced IP transfers from Intel, AMD, Infineon, ASML as ""targets""
Either you transfer IP or they limit your market access
Companies will probably go along, and Western Govts will do nothing
$ASML $INTC $AMD $IFNNY
https://t.co/3duMK5lq6U",INTC,Intel Corporation,0.067,0.933,0.0,-0.4588,Negative
2022-02-01,"AMD crushes earnings yet again
+31% YoY guide for 2022 at $21.5B at 51% gross margin, which could be higher than Intel in in 2022
The Q1 guide is $5B, so traditional seasonality is nonexistent in full year guide, definite sandbag, or not enough wafer supply secured
$AMD $INTC https://t.co/DvqeQL8J1P",INTC,Intel Corporation,0.106,0.81,0.085,-0.296,Negative
2022-02-03,"Intel hired ~10,500 employees in 2021
Intel started the year at ~110,600 employees and now they are at ~121,100 
For reference, at the start of 2021, AMD had ~12,600 employees and TSMC had exactly 56,831. 
$INTC $TSM $AMD",INTC,Intel Corporation,0.0,1.0,0.0,0.0,Neutral
2022-02-14,$INTC says their crypto mining chip will be 1000 times faster than competitors,INTC,Intel Corporation,0.0,1.0,0.0,0.0,Neutral
2022-02-14,"Intel is looking to buy Tower Semi. Very interesting deal that gives Intel share and capabilities within the specialty semiconductor realm!
Tower Semi has a 150mm fab, 3 200mm fabs, and a 300mm fab
Mixed signal, MEMS, RF, analog
$INTC $UMC $TSM $GFS $TSEM
https://t.co/INEulnPiEK",INTC,Intel Corporation,0.0,0.781,0.219,0.8881,Positive
2022-02-17,"Here's $INTC @Intel CEO Pat Gelsinger @PGelsinger holding up an 18A wafer of SRAM.

This is a 'pipecleaner chip' designed to help optimize the process - GAA/RibbonFETs, PowerVias. 

Pat calls this his 'Simba' moment. https://t.co/jywOvOb23r",INTC,Intel Corporation,0.0,0.848,0.152,0.7096,Positive
2022-02-18,"Intel Is Throwing The Kitchen Sink, But Is The Turn Around Plan Reasonable?
Deep dive on Tower Semiconductor Fabs/IP
Intel Culture Shift
Future Product And Roadmap Competitiveness By Business Unit
$INTC $TSM $TSEM $NVDA $AMD $MRVL $AMAT $ASML $LRCX $KLA
https://t.co/VxIUqzJsON",INTC,Intel Corporation,0.0,1.0,0.0,0.0,Neutral
2022-02-18,"AMD Sr. fellow Rohit Verma, Lead SoC Architect for Radeon Discrete GPUs, has been poached to be Lead Product Architect for Intel Accelerated Computing Group
""The brain drain, well that‚Äôs changed. We now have brains coming back"" Pat Gelsinger
@PGelsinger @Rajaontheedge 
$INTC $AMD https://t.co/KllXeWMHh1",INTC,Intel Corporation,0.0,0.953,0.047,0.2732,Positive
2022-02-18,"By the way, it's finally official.
Intel's margin guidance is lower than TSMC, AMD, Nvidia and Broadcom!
Pretty amazing that AMD can design a CPU, TSMC can fab it, and both individually have higher margin than Intel who does it all.
$INTC $TSM $AMD $NVDA $AVGO https://t.co/kHRW7bAxGI",INTC,Intel Corporation,0.04,0.775,0.185,0.8439,Positive
2022-02-18,"On the back of $INTC @Intel's Investor Meeting yesterday, @IanCutress sat down with Dr. Ann Kelleher, EVP and GM of Intel's Technology Development, to find out how Intel will execute, what the company learned from 10nm, and why components research matters

https://t.co/eKW6WAxhMx https://t.co/5U6QtRWzFw",INTC,Intel Corporation,0.0,0.974,0.026,0.0258,Neutral
2022-02-20,"What an epic year for $AMD. 

$AMD takes over $INTC on the marketcap. Amazing leadership by Lisa Su.",INTC,Intel Corporation,0.0,0.817,0.183,0.5859,Positive
2022-02-22,Bought 7 Shares of $INTC at $44.52,INTC,Intel Corporation,0.0,0.732,0.268,0.296,Positive
2022-02-22,"*AMD REACHES $188 BILLION IN MARKET VALUE, SURPASSING INTEL FOR THE FIRST TIME IN HISTORY 

$AMD $INTC https://t.co/Q0JH8V0l8u",INTC,Intel Corporation,0.0,0.76,0.24,0.6207,Positive
2022-02-23,"Limit buys set for my portfolio:

$TSLA: now &lt;$830
$TDOC: now &lt;$65
$NVTA $7.50
$ENPH: $120
$LMND (initial position): $20, more at $15
$BYND $30
$OTLY $5
$OMCL $95
$SPOT: $135
$SQ: now, &lt;$100
$SHAK: now
$CRSP: now
$SMLR: now, &lt;$75
$Z: now
$INTC: now
$SFM: now
$ABBV: now
$CBRE: now",INTC,Intel Corporation,0.0,1.0,0.0,0.0,Neutral
2022-02-23,"Good morning TRADERS üí•üëç

Thanks for checking the #stickynote again today, old RE-TWEET ‚úÖüëÄ

semi's look strong with an up market, I'm liking $INTC on the daily üìà

$TDOC $PLTR for @CathieDWood stocks, and both $FB and $MSFT at key levels ü§ëüíØ

$AMC could run todayüëÄ

#stocks https://t.co/bSfWXGg3jD",INTC,Intel Corporation,0.037,0.791,0.173,0.8519,Positive
2022-02-23,$AMD now has a larger market cap than Intel $INTC https://t.co/9SSdDRtHK0,INTC,Intel Corporation,0.0,1.0,0.0,0.0,Neutral
2022-02-24,"Bought 1 Share of $MSFT at $272.60, 2 Shares of $INTC at $43.86, and 2 Shares of $WBA at $44.24",INTC,Intel Corporation,0.0,0.72,0.28,0.6808,Positive
2022-02-27,"üö®BREAKING NEWSüö®

Intel, $INTC, and AMD, $AMD, stop supplying microchips to Russia.

Source: @unusual_whales",INTC,Intel Corporation,0.109,0.891,0.0,-0.296,Negative
2022-02-27,$AMD and $INTC will no longer provide Russia with microchips,INTC,Intel Corporation,0.196,0.804,0.0,-0.296,Negative
2022-03-01,"A quick chart highlighting a regime change underway. What will this chart look like in five years?

$AMD $NVDA $INTC https://t.co/WKAGOX61uZ",INTC,Intel Corporation,0.0,0.889,0.111,0.3612,Positive
2022-03-02,"Interaction incredibly low. ü§¨
I don‚Äôt see anyone else keeping u one step ahead of market rotating. 

$CAT $NKE 
&amp; $INTC up nicely from buy spots https://t.co/BT3DmJoHRI",INTC,Intel Corporation,0.07,0.846,0.085,0.1298,Positive
2022-03-06,"Swing Bonus Unlocked üîì 

üåé $GOOGL 2800c | 2500p
üçé $AAPL 175c | 155p
üíæ $INTC 55c | 45p
‚ö° $RIVN 55c | 40p 

üü¶ Entry ‚¨ú Target 
03/18 Contracts | Trailing Stop &gt; 35% https://t.co/zQDSDZezic",INTC,Intel Corporation,0.047,0.878,0.075,0.3182,Positive
2022-03-08,114bn transistors in your next MacBook. Who would have ever imagined that 40 years ago? Even 20 years ago. How big and pervasive will AI training clusters be in 20 or 40 years? $NVDA $TSMC $INTC $AMD,INTC,Intel Corporation,0.0,1.0,0.0,0.0,Neutral
2022-03-10,"Lotto Friday Triggers üéØ

üá∫üá∏ $SPY 430c &gt; 427 | 415p &lt; 423
üíæ $INTC 47c &gt; 46.78 | 46p &lt; 46.48
üöó $TSLA 860c &gt; 841 | 810p &lt; 829
üî≥ $SQ 120c &gt; 110 | 95p &lt; 104
üëæ $AMD 110c &gt; 107 | 103p &lt; 105
üïπÔ∏è $NVDA 240c &gt; 229 | 220p &lt; 225

300 ‚ù§Ô∏è to Unlock #LottoFriday Picks on Twitter https://t.co/ezfvYfcxLY",INTC,Intel Corporation,0.0,1.0,0.0,0.0,Neutral
2022-03-13,"Apparently, Seth Klarman (billionaire investor, founder/PM at Baupost Group) has been buying $FB $GOOG $INTC $DBX and $MU, among others? He's known for successfully buying unpopular assets while they are undervalued‚Ä¶ https://t.co/VDWR57n5oV",INTC,Intel Corporation,0.0,0.86,0.14,0.5994,Positive
2022-03-15,"So Intel all of a sudden has a spare $19b to build a factory in Germany yet they need the US taxpayer to pay $52b to build their factories in the US?
$INTC
https://t.co/HomgKuwQx3",INTC,Intel Corporation,0.041,0.959,0.0,-0.1027,Negative
2022-03-15,"*Intel Announces Initial Investment of More Than EUR33B for Semiconductor R&amp;D and Manufacturing in EU
$INTC",INTC,Intel Corporation,0.0,1.0,0.0,0.0,Neutral
2022-03-15,"Most important chart for stocks right now. What is TSMC telling us?

As a side, $INTC has almost $ 90 bn pencilled for new European capacity, heavily subsidized by the age of European anti-frugality https://t.co/g4RdnRicdS",INTC,Intel Corporation,0.0,0.942,0.058,0.2716,Positive
2022-03-16,"*INTEL IN TALKS FOR $5.5 BILLION IN GERMAN SUBSIDIES FOR FACTORY
$INTC",INTC,Intel Corporation,0.0,1.0,0.0,0.0,Neutral
2022-03-17,"You can find dividend stocks in many different sectorsüí∞

Techüí∞
$AVGO
$TXN
$MSFT
$INTC

Industrialsüí∞
$CAT
$HON
$LHX
$MMM

Retailüí∞
$WMT
$TGT
$COST
$HD

Healthcareüí∞
$PFE
$JNJ
$MRK
$ABBV

Real Estateüí∞
$O
$PLD
$STAG
$MAIN",INTC,Intel Corporation,0.0,1.0,0.0,0.0,Neutral
2022-03-18,"In the stock market, there are plenty of stocks that are a good buy under a certain price.

They hit the price somewhat regularly, so it's easy to load up and build positions in these companies. 

Some examples:
$AMZN Amazon under $3,000
$V Visa under $200
$INTC Intel under $45",INTC,Intel Corporation,0.0,0.823,0.177,0.835,Positive
2022-03-23,$NVDA $INTC Nvidia CEO says interested in exploring chip manufacturing with Intel - Reuters,INTC,Intel Corporation,0.0,0.828,0.172,0.4019,Positive
2022-03-24,"Big day in the semis world ‚öôÔ∏èüü¢ 

$NVDA $INTC $AMD $AMAT https://t.co/M4PsA3iilk",INTC,Intel Corporation,0.0,1.0,0.0,0.0,Neutral
2022-03-25,"Here's the intro of today's #MarketOutlook video from 
@MarketScholars 

Watch the full video for free here:

https://t.co/fKUImrzuBt

Mentioned: $SPY $SPX $QQQ $IWM $RUT $UUP $TNX $TLT $EEM $EFA $USO $GLD $CVX $XOM $TSLA $AAPL $FB $VIX $BTC $GGG $GBTC $CTVA $NVDA $INTC $TXN $BBY https://t.co/c4sgI3laGB",INTC,Intel Corporation,0.0,0.875,0.125,0.7297,Positive
2022-03-27,"The TSMC Supremacy

When Nvidia CEO Jensen Huang unveiled the H100 data center GPU last week (3/22), he said it was made with TSMC‚Äôs 4-nanometer process. 

He also said Nvidia is talking to Intel as a new potential foundry partner.

But he warned: 

Thread: 1/17
$TSM $INTC $NVDA",INTC,Intel Corporation,0.053,0.925,0.022,-0.3716,Negative
2022-03-27,"17/17
Nvidia CEO Jensen Huang‚Äôs praise has been loud and clear.
-‚ÄúWithout TSMC, Nvidia wouldn‚Äôt be where it is today.‚Äù
-‚ÄúIn every important battle Nvidia has faced, TSMC has been its most powerful ally.‚Äù

Intel should aim for praise like that.
$TSM $NVDA $INTC #semiconductors",INTC,Intel Corporation,0.045,0.658,0.297,0.9273,Positive
2022-03-29,US Senate approves US$52 billion chips bill in bid to reach compromise $INTC $MU $AMAT $NVDA $AMD,INTC,Intel Corporation,0.0,0.798,0.202,0.4215,Positive
2022-04-06,"U.S. chipmaker Intel said it has suspended business operations in Russia, joining a slew of companies to exit the country following its invasion of Ukraine https://t.co/floGuEaX0K $INTC https://t.co/GCOKoX92mZ",INTC,Intel Corporation,0.103,0.897,0.0,-0.4767,Negative
2022-04-06,"Good morning TRADERS üí•üëç

Thanks for checking out the daily #stickynote ü§ëüí™üëÄ

$RIVN affirms numbers but I'm still looking SHORT, $45 needs to break to change my mind.üìà

$TLRY nice EPS beat, if it takes the high, I'm in (pun intended) üíö

$AMD $INTC weak, $OXY with up $OIL üõ¢Ô∏è https://t.co/1N0AK1uvI6",INTC,Intel Corporation,0.076,0.743,0.181,0.8316,Positive
2022-04-06,Intel has suspended its business operations in Russia. It is the latest company to leave the country following Russia‚Äôs invasion of Ukraine https://t.co/floGuDTm9c $INTC https://t.co/QqWSZwucpM,INTC,Intel Corporation,0.158,0.842,0.0,-0.5106,Negative
2022-04-07,"Bought 1 share of $DIS at $130.73, 3 shares of $INTC at $47.14, and 2 shares of $WBA at $43.82",INTC,Intel Corporation,0.0,0.72,0.28,0.6808,Positive
2022-04-08,"Some dividend stocks in the information technology sectorüí∞

$TXN Texas Instruments
$CSCO Cisco 
$AAPL Apple
$IBM Int. Business Machines
$MSFT Microsoft 
$INTC Intel 
$ORCL Oracle
$QCOM Qualcomm
$MA Mastercard
$V Visa

Are you holding any of these?",INTC,Intel Corporation,0.0,1.0,0.0,0.0,Neutral
2022-04-08,Bought 6 Shares of $INTC at $47.30,INTC,Intel Corporation,0.0,0.732,0.268,0.296,Positive
2022-04-11,"INTEL ANNOUNCES LATEST FACTORY EXPANSION WITH THE GRAND OPENING OF OREGON D1X-MOD 3
$INTC",INTC,Intel Corporation,0.0,0.777,0.223,0.5766,Positive
2022-04-11,"Bought 1 share of $MSFT at $287.82, 4 shares of $INTC at $46.54, 1 share of $TROW at $145.39, and 1 share of $DIS at $130.43",INTC,Intel Corporation,0.0,0.714,0.286,0.7783,Positive
2022-04-12,Bought 1 share of $DIS at $130.43 and 4 shares of $INTC at $46.54,INTC,Intel Corporation,0.0,0.732,0.268,0.5267,Positive
2022-04-14,Bought 8 shares of $INTC at an average cost of $45.89 and 1 share of $TROW at $140.39,INTC,Intel Corporation,0.0,0.784,0.216,0.5267,Positive
2022-04-15,"#earningsseason  

https://t.co/lObOE0dgsr 

$TSLA $AAPL $AMD $FB $BAC $NFLX $MSFT $AMZN $PYPL $HAL $CLF $SCHW $XOM $GOOGL $JNJ $AAL $CL $SNAP $BK $T $SOFI $TWTR $UPS $LMT $F $INTC $NUE $UPST $BA $IBM $PG $AA $VZ $SQ $SHOP $JBHT $CVX $ASML $UAL $ROKU $QCOM $DIS $PFE $SYF $KO $SI https://t.co/YtataqXsBh",INTC,Intel Corporation,0.0,1.0,0.0,0.0,Neutral
2022-04-16,"Nvidia Ada Lovelace Leaked Specifications, Die Sizes, Architecture, Cost, And Performance Analysis
In depth analysis including rigorous die size estimates for the entire Ada Lovelace lineup!
@Locuza_ and I worked hard on this!
$NVDA $AMD $INTC $TSM
https://t.co/O8cUoDbxXf",INTC,Intel Corporation,0.301,0.699,0.0,-0.9214,Negative
2022-04-17,"Samsung Electronics Cultural Issues Are Causing Disasters In Samsung Foundry, LSI, And Even DRAM Memory
We talk about chip design, logic process technology woes, EUV, DRAM, and some major structural/cultural issues!
$TSM $MU $SSNLF $QCOM $CSCO $INTC $HXSCL
https://t.co/7TM97C6Cmi",INTC,Intel Corporation,0.155,0.845,0.0,-0.7777,Negative
2022-04-22,"Next week will be big..

APPLE, MICROSOFT, TWITTER, FACEBOOK, AMAZON 

Earnings:
April 26- $MSFT, $GM
April 27- $BA, $FB, $QCOM
April 28- $AAPL , $AMZN , $INTC, $TWTR
April 29- $ABBV , $HON",INTC,Intel Corporation,0.0,0.929,0.071,0.347,Positive
2022-04-23,"üí•BIG WEEK OF Q1 EARNINGS AHEAD üëÄüëÄ

*Mon: $KO
*Tues: $MSFT $GOOGL $V
*Wed: $FB $PYPL $PINS $SPOT $BA
*Thurs: $AAPL $AMZN $TWTR $HOOD $ROKU $INTC $MCD $CAT $MA 
*Fri: $XOM $CVX

$DIA $SPY $QQQ $IWM $VIX https://t.co/m6GRcEoEgE",INTC,Intel Corporation,0.0,1.0,0.0,0.0,Neutral
2022-04-23,"Buckle up everyone, this will be a crazy week!

What's your favorite coming up?

$AAPL $MSFT $GOOG $AMZN $FB $CB $BAS $NOVN $KO $ROG $PHIA $CAST $V $MMM $TXN $UPS $RTX $ADM $ASSA $SE $AMGN $QCOM $AFL $UL $TTE $INTC $HSY $MRK $MCD $DLR $XOM $CVX $ABBV $DGEO $CL $HON $WPC #Earnings https://t.co/B4TexWzHKd",INTC,Intel Corporation,0.042,0.9,0.058,0.2244,Positive
2022-04-23,"Week packed with earnings. 

On Watch: $KO $UPS $CMG $V $GM $GOOGL $GOOG $MSFT $BA $SPOT $FB $PYPL $QCOM $MCD $TWTR $MA $LUV $CAT $DPZ $INTC $ROKU $AMZN $AAPL $XOM $CVX https://t.co/BVxKzB9oOk",INTC,Intel Corporation,0.0,1.0,0.0,0.0,Neutral
2022-04-23,"#earnings for the week 

https://t.co/lObOE0dgsr 

$FB $AAPL $MSFT $AMZN $PYPL $GOOGL $KO $UPS $ATVI $TWTR $XOM $BA $F $GE $SPOT $PEP $ROKU $MMM $CVX $QCOM $VLO $RTX $CL $INTC $JBLU $V $WM $CAT $NOK $LUV $GM $DHI $HOOD $ENPH $CVE $MA $ABBV $OTIS $PHG $CMG $MCD $MRK $DORM $X $ADM https://t.co/Q2N0mmLZyB",INTC,Intel Corporation,0.0,1.0,0.0,0.0,Neutral
2022-04-23,"Earnings next week!

$KO
$ATVI
$AMP
$MSFT
$GOOGL
$V
$CNI
$PEP
$RTX
$GE
$EW
$WM
$GM
$WBD
$ENPH
$TECK
$FB
$TMUS
$QCOM
$PYPL
$AMT
$BA
$NOW
$CME
$CP
$F
$ALGN
$SPOT
$APPL
$AMZN
$MA
$LLY
$TMO
$MRK
$INTC
$MCD
$SNY
$CAT
$NOC
$ROKU
$XOM
$CVX
$AZN

And many more: https://t.co/lNGVHeFz2o https://t.co/h1zhuXHMjo",INTC,Intel Corporation,0.0,1.0,0.0,0.0,Neutral
2022-04-24,"üí•This Week's Most Notable #Earnings:

*Mon: $KO $ATVI
*Tues: $MSFT $GOOGL $V $GM $UPS $PEP $CMG $GE $MMM $RTX
*Wed: $FB $PYPL $PINS $QCOM $BA $SPOT $TDOC $NOW $TMUS $HOG $HTZ
*Thurs: $AAPL $AMZN $TWTR $INTC $ROKU $HOOD $MA $CAT $MCD $DPZ $LUV $MRK
*Fri: $XOM $CVX $ABBV $AZN $BMY https://t.co/89C0QcJlXI",INTC,Intel Corporation,0.0,1.0,0.0,0.0,Neutral
2022-04-24,"Earnings next week!

$KO
$ATVI
$AMP
$MSFT
$GOOGL
$V
$CNI
$PEP
$RTX
$GE
$EW
$WM
$GM
$WBD
$ENPH
$TECK
$FB
$TMUS
$QCOM
$PYPL
$AMT
$BA
$NOW
$CME
$CP
$F
$ALGN
$SPOT
$APPL
$AMZN
$MA
$LLY
$TMO
$MRK
$INTC
$MCD
$SNY
$CAT
$NOC
$ROKU
$XOM
$CVX
$AZN

And many more: https://t.co/lNGVHenXDO https://t.co/DOy1K9Ohvo",INTC,Intel Corporation,0.0,1.0,0.0,0.0,Neutral
2022-04-25,"MAJOR WEEK FOR EARNINGS HIGHLIGHTED THE ONES I AM WATCHING. 

$TWTR $AMZN $MSFT $GOOGL $TSM $AAPL $INTC $PYPL $BA $WM $CAT $MMM $KO $SPOT $TDOC $F $PINS $QCOM $ROKU $HOOD $MA $MCD $XOM https://t.co/1X0cGJaY2J",INTC,Intel Corporation,0.0,1.0,0.0,0.0,Neutral
2022-04-25,"This week is PACKED ü§Ø

$GOOG $V $MSFT $CSGP $META $SPOT $PYPL $PINS $TDOC $AMZN $AAPL $EVO $ROKU $MA $INTC $ROKU $HOOD https://t.co/FAAilXtl4f",INTC,Intel Corporation,0.0,1.0,0.0,0.0,Neutral
2022-04-27,Bought 4 shares of $INTC at $45.12 and 1 share of $DIS at $115,INTC,Intel Corporation,0.0,0.732,0.268,0.5267,Positive
2022-04-28,"Earnings tomorrow:

$AAPL Apple
$TWTR Twitter
$AMZN Amazon 
$ROKU Roku 
$MA Mastercard 
$MCD McDonalds 
$INTC Intel 
$HOOD Robinhood",INTC,Intel Corporation,0.0,0.909,0.091,0.1779,Positive
2022-04-28,"A lot of earnings after market.

Their implied moves:

$AAPL +/- 5.2%
$AMZN +/- 6.2%
$FSLR +/- 7.2%
$GILD +/- 3.4%
$HOOD +/- 11.6%
$INTC +/- 6.3%
$ROKU +/- 15.8%
$TEAM +/- 10.0%
$WDC +/- 7.1%

https://t.co/lNGVHenXDO",INTC,Intel Corporation,0.0,1.0,0.0,0.0,Neutral
2022-04-28,$INTC CEO says semiconductor shortage will last until 2024,INTC,Intel Corporation,0.2,0.8,0.0,-0.25,Negative
2022-04-28,EARNINGS: Intel Q1 EPS $0.87 Adj. vs. $0.81 Est.; Q1 Revs. $18.35B vs. $18.31B Est. ‚Ä¢ $INTC https://t.co/DyneXDAzB0 https://t.co/gYWAyZHVV2,INTC,Intel Corporation,0.0,1.0,0.0,0.0,Neutral
2022-04-29,"Bought 8 shares of $INTC at $44.31, 1 share of $TROW at $124.78, and 2 shares of $WBA at $43.24",INTC,Intel Corporation,0.0,0.72,0.28,0.6808,Positive
2022-04-29,"Market Recap:
https://t.co/zml5dxC0q0
The economy is starting to crack + GDP is down + Elon Musk dumps $4 Billion of Tesla shares, more dumping coming? + Earnings Reviews $MCD $CAT $HSY $AMZN $AAPL $INTC + Charts $SPY $QQQ $IWM $DXY $TLT $GLD $VIX $AAPL $TSLA $BTC $AMC https://t.co/2ZECGLyzKX",INTC,Intel Corporation,0.101,0.857,0.042,-0.4754,Negative
2022-05-01,"Here are some tickers that have very cheap premiums and good liquidity for those w small accounts. Kept it to one ticker per theme 

$PFE healthcare
$M discretionary 
$BAC financials
$MO staples
$T communications
$NIO China 
$PLUG growth
$CCL travel
$INTC tech / chips 
$XOM oil",INTC,Intel Corporation,0.0,0.889,0.111,0.6705,Positive
2022-05-01,"$INTC CEO says the chip shortage will ""drift"" 2024",INTC,Intel Corporation,0.2,0.8,0.0,-0.25,Negative
2022-05-02,"Good morning TRADERS üí•üëç

Great to be back and sharing the #stickynote ü§ëüí™

$NIO on watch after a delivery miss üöó
$AAPL should re test the $158 level if we test and I will look to fade that until a $161 move higher üìà

$HOOD short, should be easy, let's seeüíØ
$FB $INTC watch https://t.co/YzZAUfdg46",INTC,Intel Corporation,0.056,0.772,0.172,0.8625,Positive
2022-05-03,"Now come on now people. You know I'm still #shadegang for life. So to all the $INTC folks out there just know this, you ain't in this boat with us here on the $AMD side... Need a visual. I got you! Your math ain't mathing #amdearnings #amdvsintel https://t.co/0ht4EwaaSE",INTC,Intel Corporation,0.0,1.0,0.0,0.0,Neutral
2022-05-03,"$INTC $AMD

$INTC from 2018 revenue $70.848B to FY22 guidance of $76B

$AMD from 2018 revenue $6.475B to FY22 guidance of $26.3B üî•",INTC,Intel Corporation,0.098,0.902,0.0,-0.34,Negative
2022-05-04,"$AMD is up 2620% since Lisa Su became CEO in 2014 or a 54.51% CAGR.
$INTC is up 62% since Lisa Su became CEO in 2014 or a 6.60% CAGR, 

Intel has had 3 CEO's since then. https://t.co/DemAzcQmLV",INTC,Intel Corporation,0.0,1.0,0.0,0.0,Neutral
2022-05-06,"Some 528,000 manufacturing jobs have been added to U.S. economy in first four months of 2022 - fastest pace in half a century. President heads to Ohio shortly to talk this up. He'll certainly mention microprocessor giant #Intel's $20 billion investment in new fabs there $INTC",INTC,Intel Corporation,0.0,0.949,0.051,0.34,Positive
2022-05-06,"Bought 1 share of $TROW at $124.78, 4 shares of $INTC at $43.85, and 1 share of $DIS at $109.43",INTC,Intel Corporation,0.0,0.72,0.28,0.6808,Positive
2022-05-10,"Intel Corp, $INTC, has launched a new chip called Gaudi2 focused on artificial intelligence computing, as the chip manufacturer makes a bigger push into the AI chip market.",INTC,Intel Corporation,0.0,0.776,0.224,0.7351,Positive
2022-05-15,"Dividend Lineup:
$XOM $528, $INTC $82, $WFC $75, $SBUX $50.

Great men of the past have always loved DIVIDENDS. 

‚ÄúDo you know the only thing that gives me¬†pleasure? It‚Äôs to see my dividends coming in.‚Äù
~JD. Rockefeller~ 1839 - 1937. 

Are you receiving any dividend next month? https://t.co/FF9CDFRYig",INTC,Intel Corporation,0.0,0.792,0.208,0.9195,Positive
2022-05-16,"US Senator Richard Blumenthal disclosed that an investment fund managed by his wife‚Äôs family bought between US$250,000 and $500,000 of Intel Corp. stock just weeks before he voted to approve US$52 billion in semiconductor industry subsidies, media report. $INTC #semiconductors",INTC,Intel Corporation,0.0,1.0,0.0,0.0,Neutral
2022-05-16,"JUST IN:

Senator Richard Blumenthal and his wife‚Äôs investment fund bought up to $500,000 of Intel, $INTC, stock just weeks before he voted to approve $52 billion in semiconductor industry subsidies, which Intel directly benefits from.

https://t.co/lodTLfc2N5",INTC,Intel Corporation,0.0,0.933,0.067,0.3818,Positive
2022-05-17,"Here‚Äôs a list of great dividend stocks in the IT sectorüí∞

$TXN Texas Instruments
$CSCO Cisco 
$AAPL Apple
$MSFT Microsoft 
$INTC Intel
$NVDA Nvidia
$ORCL Oracle
$QCOM Qualcomm
$MA Mastercard
$TSM Taiwan Semiconductor

Are you holding any of these?",INTC,Intel Corporation,0.0,0.907,0.093,0.6249,Positive
2022-05-19,"Intel, $INTC, shareholders voted last week against the company‚Äôs compensation for its top executives.",INTC,Intel Corporation,0.0,0.878,0.122,0.2023,Positive
2022-05-20,"üéØStock Buys
1 share $GOOG $2,155.25
5 shares $INTC $40.65
1 share $MSFT $248.25
2 shares $BBY $69.88
1 share $AAPL $133.42
4 shares $MAIN $35.64
2 shares $MPW $17.83
2 shares $TOR $25.74
2 shares $AOS $56.75
1 $NVDA $159.72
1 $WHR $168.97
1 $SMG $88.75
What did you grab? üîΩ",INTC,Intel Corporation,0.0,0.694,0.306,0.9413,Positive
2022-05-23,"Intel $INTC is an amazing investing case to look at.

If you bought shares starting 2015, you'd have made 2% CAGR returns up to now.
Revenues increased 40% in that period, and Net Income 118%.

Debt ratio similar, and shares outstanding declined due to buybacks:",INTC,Intel Corporation,0.045,0.699,0.256,0.8957,Positive
2022-05-24,"Here's the intro of today's #MarketOutlook video from @MarketScholars
 
Watch the full video for free here:

https://t.co/JZW2CSmpir

Mentioned: $SPY $SPX $QQQ $IWM $RUT $UUP $TNX $TLT $EEM $EFA $USO $VIX $BTC $PFF $DVY $HYG $AMZN $SNAP $GOOGL $FB $TWTR $JPM $BBY $MRK $NOBL $INTC https://t.co/NIzUvN8RWQ",INTC,Intel Corporation,0.0,0.875,0.125,0.7297,Positive
2022-05-24,"CNBC ""How quickly do you think we can get to a place where we are independent of the need for chip manufacturing in Taiwan?‚Äù

Intel CEO ‚ÄúNever.‚Äù

CNBC ‚ÄúNever?‚Äù

PG ‚ÄúNever. ...What we're saying is we need more balanced geographic supply chains."" $INTC $TSM https://t.co/k5tTaAMR9x",INTC,Intel Corporation,0.0,1.0,0.0,0.0,Neutral
2022-05-26,"Meteor Lake Die Shot &amp; Architecture Analysis
Why is Intel 4 only a 40% area reduction vs Intel 7 with identical structures?
Analysis on Redwood Cove and Crestmont, Foveros Omni, use of TSMC N3, SOC/IO chiplets, BOM
Co-written with @Locuza_ 
$INTC $TSM $AMD
https://t.co/AX60kmJNar",INTC,Intel Corporation,0.083,0.917,0.0,-0.5994,Negative
2022-05-26,"Nvidia continues to prove that it‚Äôs a growth stock and a steward of capital, with record qrtly revenues of $8.29B, up 46% YoY and cash reserves up 83% in one year. Nvidia‚Äôs price to free cash flow valuation, however, has dropped nearly 50% in the last 6 months:

$NVDA $AMD $INTC https://t.co/kiHOz1L5QX",INTC,Intel Corporation,0.0,0.894,0.106,0.7096,Positive
2022-05-27,"$AMZN is the leader in the cloud and to maintain this lead, the company has had to ramp spending. Capex has risen nearly 300% since Q1 2020. Even while FAANG does hiring freezes, capex spending on data centers remains historically very high.

 $NVDA $AMD $INTC $MRVL https://t.co/AtxlxuaRBb",INTC,Intel Corporation,0.023,0.977,0.0,-0.0258,Neutral
2022-05-29,IMO $INTC INTEL WILL OUTPERFORM $NVDA NVIDIA IN THE NEXT 5 YEARS (2022 - 2027.),INTC,Intel Corporation,0.0,1.0,0.0,0.0,Neutral
2022-05-30,"Reminder, Senator Richard Blumenthal and his wife‚Äôs investment fund bought up to $500,000 of Intel, $INTC, stock just weeks before he voted to approve $52 billion in semiconductor industry subsidies, which Intel directly benefits from.

https://t.co/lodTLftEbF",INTC,Intel Corporation,0.0,0.931,0.069,0.3818,Positive
2022-06-01,DO YOU GUYS KNOW I OWN INTEL $INTC  ????,INTC,Intel Corporation,0.0,1.0,0.0,0.0,Neutral
2022-06-03,"Here's the intro of today's #MarketOutlook video from @MarketScholars 

Watch the full video for free here:

https://t.co/vQUzIEczDK

Mentioned: $SPY $SPX $QQQ $IWM $RUT $UUP $TNX $HYG $EEM $EFA $USO $GLD $AMZN $MSFT $FB $META $INTC $MDT $NVDA $NFLX $PYPL $AMD $GOOGL $TSLA $EBAY https://t.co/p2sXdY6xBj",INTC,Intel Corporation,0.0,0.873,0.127,0.7297,Positive
2022-06-06,"Apple unveiling an all new MacBook Air powered by the new M2 chip.

""They're beating intel at their own game,"" says Wedbush's @DivesTech $AAPL $INTC https://t.co/GY5MFOwGlL",INTC,Intel Corporation,0.107,0.893,0.0,-0.4588,Negative
2022-06-08,"üê≥ news:

- CDC: no monkeypox masks
- Gas at all time highs
- $GS: oil $140 
- $NVDA x $INTC
- Yellen: I could have used a better term than transitory
- Musk, $TWTR financing on hold
- Ken Griffin x crypto
- World Bank: weak growth
- $SHOP: 10:1
- Futures: https://t.co/nH5RI94Tsz https://t.co/FRLSjB4TfL",INTC,Intel Corporation,0.081,0.831,0.088,0.1027,Positive
2022-06-08,"You DO NOT NEED TO TRADE EVERY NICHE. If trading $FB $AMZN $INTC $NFLX options work for you, God bless, trade away. If you like day trading $AERC $HUSA type runners, by all means do it. If you like #HODLING on #crypto scams, God bless. Just find something you love &amp; stick with it",INTC,Intel Corporation,0.055,0.669,0.276,0.9217,Positive
2022-06-09,"You can find dividend stocks in many different sectorsüí∞

Techüí∞
$AVGO
$TXN
$MSFT
$INTC

Industrialsüí∞
$CAT
$HON
$LHX
$MMM

Retailüí∞
$WMT
$TGT
$COST
$HD

Healthcareüí∞
$PFE
$JNJ
$MRK
$ABBV

Real Estate
$O
$PLD
$STAG
$MAIN",INTC,Intel Corporation,0.0,1.0,0.0,0.0,Neutral
2022-06-10,"I like the current prices of $ALV $TXN $TROW $INTC and $CAST

I NEED MORE MONEY üí∞ 

2 weeks until next salary ü§û",INTC,Intel Corporation,0.0,0.906,0.094,0.3612,Positive
2022-06-10,If you own Intel $INTC and have lost money please forward all complaints to @gurgavin,INTC,Intel Corporation,0.259,0.622,0.119,-0.4019,Negative
2022-06-16,"Interview w/ @CarlQuintanilla @JonFortt @dee_bosa at 11AM ET on: 1) S&amp;P correlation/addiction to Fed policy, 2) the big positioning changes in longs &amp; shorts necessary to make money, 3) upcoming Q2 earnings w/ $TGT $MSFT $INTC negative guidance foreshadowing the ugliness to come",INTC,Intel Corporation,0.153,0.847,0.0,-0.8126,Negative
2022-06-16,"üß±Thursday Dividend Stock Buysüß±
$LEG 10 shares
$MDT 2 shares
$CNQ 12 shares
$TXN 1 share
$MMM 1 share
$PRU 4 shares 
$INTC 5 shares 
$MO 15 shares 
$AOS 2 shares
$LOW 2 shares
$MFC 20 shares *new position
$CMI 2 shares
$MS 2 shares
$SCHD 4 shares
$SNA 2 shares
What did you buy?",INTC,Intel Corporation,0.037,0.527,0.435,0.9725,Positive
2022-06-17,"AMD ‚Äì To Infinity And Beyond
A bit late because of the awesome thumbnail, but covered stuff a lot of others didn't.
CDNA 3 MI300 specifications
Infinity Fabric 4 and custom silicon strategy
AMD CPU area efficiency
XDNA and AIE
2023 EPS estimates
$AMD $INTC
https://t.co/M9eQC36L2R",INTC,Intel Corporation,0.0,0.884,0.116,0.7003,Positive
2022-06-19,How it started and how it‚Äôs going. 2/3 recommended are in Single digits. Is the the gen Z cramer? $SOFI $PLTR $INTC. Is $INTC off to single digits? https://t.co/EM9sirEvCx,INTC,Intel Corporation,0.0,0.928,0.072,0.2869,Positive
2022-06-22,"Marjorie Taylor Greene purchased 15k in $PG, 15k in $INTC, 50k in $UPS, 15k $GS, 50k in $HD, and sold 50k in $COST, 50k in $V on June 10th. Also sold 50k in $QQQ as a loss. 

Reminder she said war is very profitable after investing in war companies. 

Link https://t.co/Mf9022Vvmb https://t.co/Y0cFsZVD42",INTC,Intel Corporation,0.165,0.783,0.052,-0.785,Negative
2022-06-24,"Some solid companies are trading at prices we haven‚Äôt seen in years‚Ä¶

These companies are the same price as they were in 2017.

$INTC Intel $37
$NFLX Netflix $179
$META Meta $157",INTC,Intel Corporation,0.0,0.951,0.049,0.1531,Positive
2022-06-27,"Semis [NTM] P/E:

$NVDA 31x
$ASML 24x 
$AMD 17x
$TXN 17x
$MRVL 16x
$ADI 15x
$TSM 14x
$AVGO 13x
$NXPI 11x
$INTC 10x
$MCHP 10x
$STM 10x
$ON 10x
$QCOM 9x
$SKWS 9x
$MU 5x

üíΩNot exactly excessive.",INTC,Intel Corporation,0.0,1.0,0.0,0.0,Neutral
2022-06-30,"Intel design teams are in shambles!
Much longer than $AMD to go from chip power-on to shipments!
Icelake power-on Dec 2018, launch Apr 2022, +28 months
Sapphire Rapids power-on Jun 2020, +28m = Oct 2022
GNR hasn't powered-on, can it make 2024 launch?‚ö∞Ô∏è
via @SkyJuice60 
$INTC $AMD https://t.co/kz5NfRppgU",INTC,Intel Corporation,0.0,1.0,0.0,0.0,Neutral
2022-07-05,Bought 2 shares of $INTC at $35.74 and 2 shares of $MO at $41.62,INTC,Intel Corporation,0.0,0.732,0.268,0.5267,Positive
2022-07-07,"TSMC has lost a key executive to Intel, media report. VP of Ecosystem Development Suk Lee, who leads TSMC's Open Innovation Platform and is a nearly 14-year veteran at TSMC, left for Intel in June. $TSM $INTC https://t.co/1gxs558TS1",INTC,Intel Corporation,0.056,0.88,0.064,0.0772,Positive
2022-07-07,"U.S. chip stocks rise after upbeat Samsung results

Chip stocks including $INTC, $NVDA and $QCOM rise ~1% before the bell",INTC,Intel Corporation,0.0,1.0,0.0,0.0,Neutral
2022-07-07,"100% FREE üëá 

https://t.co/cDO4uFX42f

$SPX $QQQ $SPY $AAPL $BABA $NFLX $BA $COST $TSLA $SQ $FB $GLD $BAC $MRNA $ZM $PTON $NVAX $NVDA $PYPL $NKLA $AMD $AMZN $MSFT  $SNAP $CCL $DAL $BABA $TWTR $NOK $CSCO $PENN $INTC $ACB $CRON $LUV $INO $NIO $VIX $F $GE $TWTR $RCL $MU $DIS",INTC,Intel Corporation,0.0,0.925,0.075,0.6166,Positive
2022-07-11,$AMD $INTC Stay Away from AMD and Intel Shares amid a ‚Äúmuch weaker 2H outlook.‚Äù - Barclays,INTC,Intel Corporation,0.144,0.746,0.109,-0.1779,Negative
2022-07-13,"Here's the intro of today's #MarketOutlook video from 
@MarketScholars 

Watch the full video for free here:

https://t.co/kKsnCcFh40

Mentioned: $SPY $SPX $QQQ $IWM $RUT $USO $GLD $BTC $EEM $EFA $TNX $AAPL $TXN $XEL $CRSP $CMI $INTC $AMGN $GLW $TROW $SNPS $K $TWTR $BA $LUV $UNP https://t.co/fPtfBLXSPY",INTC,Intel Corporation,0.0,0.875,0.125,0.7297,Positive
2022-07-15,"Didn‚Äôt post $Intc on here , w 38c because I don‚Äôt want ppl just to dive in anything I type. If you guys promise to be smart I‚Äôll post strikes n not just leave clues like baba and Tlry today , any strike on either went 2-600%

Yes or no ???? üê∏üíú https://t.co/2W4ru7GcFt",INTC,Intel Corporation,0.089,0.657,0.254,0.8912,Positive
2022-07-15,"Why is it a hot topic? ‚Üí $INTC has delayed the launch of a $20B manufacturing facility in Ohio until Congress passes the bill.

Chip maker CEO's say it's ""vital to national security given that the U.S. is increasingly reliant on manufacturing from Asia, especially Taiwan.""",INTC,Intel Corporation,0.038,0.84,0.122,0.4939,Positive
2022-07-16,"When the dog moves, the tail wiggles, chips bill next week on Tuesday...all look constructive. $NVDA 165/170/175 or rejects n 155/150 again 
$AMD 82 / 85 / 88 poss if can hold here or 80/77/75 
$INTC 40 magnet ?? may get hot off this spot ...if rejects its 37.50/36 again :( https://t.co/peSxrMem3T",INTC,Intel Corporation,0.165,0.835,0.0,-0.8645,Negative
2022-07-17,"üí° TRADE IDEA:
                $INTC 39.5C 7/22 .34*

* Speculative Chips play
* Flow Trade",INTC,Intel Corporation,0.0,0.774,0.226,0.4215,Positive
2022-07-18,"@muddywatersre Intel is currently earning 15% on its capital (despite their ‚Äústruggles‚Äù), and has $45B in cash and investments on its balance sheet. They do not need taxpayer assistance to make strategic decisions in their own best interest. $INTC",INTC,Intel Corporation,0.0,0.837,0.163,0.802,Positive
2022-07-18,On this day in 1968 Intel $INTC was founded https://t.co/dLJYr7Ruw3,INTC,Intel Corporation,0.0,1.0,0.0,0.0,Neutral
2022-07-20,"The Senate will now try to pass the CHIPS bill, helping $INTC, $NVDA + other American semiconductors.

On June 17th, Paul Pelosi‚Äôs bought $5 million more $NVDA shares, totalling 20,000 shares in $NVDA.

Since Pelosi's purchase, $NVDA rallied 12%, nearly 20% off lows.

Incredible.",INTC,Intel Corporation,0.037,0.822,0.141,0.6222,Positive
2022-07-20,"The Senate will now try to pass the CHIPS bill after approval last night, helping $INTC, $NVDA + other semiconductors.

Nancy Pelosi stressed the importance of passing the bill.

On June 17th, Paul Pelosi‚Äôs bought $5 million $NVDA shares, totalling 20,000 shares in $NVDA.",INTC,Intel Corporation,0.046,0.722,0.232,0.8316,Positive
2022-07-20,"Which of these beaten down dividend stocks would you rather buy today?

$T AT&amp;T
$INTC Intel
$MMM 3M",INTC,Intel Corporation,0.141,0.859,0.0,-0.4215,Negative
2022-07-20,"Micron has over $10 billion in cash. Intel has, what, $40 billion? 

Both have spent many billions on buybacks, not to mention dividends.

Why do big chip companies need taxpayer subsidies?

$MU $INTC https://t.co/I4cTwaWzhD",INTC,Intel Corporation,0.0,1.0,0.0,0.0,Neutral
2022-07-20,"China‚Äôs SMIC Is Shipping 7nm Foundry ASICs
To be abundantly clear, China‚Äôs SMIC is shipping a foundry process with commercially available chips in the open market which are more advanced than any American or European company.
$TSM $SMIC $INTC $GFS $ASML
https://t.co/MZigIn3eUd",INTC,Intel Corporation,0.0,0.891,0.109,0.5984,Positive
2022-07-20,"The chart below depicts why America must act soon to move semiconductor manufacturing onto our soil. 

$INTC $MU $TXN $LRCX $AMAT $AMD $NVDA $MRVL https://t.co/95f1jkVFqM",INTC,Intel Corporation,0.0,1.0,0.0,0.0,Neutral
2022-07-22,"The CHIPS Act rewards manufacturing cos at the expense of our leading design cos, which could hinder our global lead in innovation. FABS Act is better IMO, where both manufacturing and design are rewarded.

Discussed with @cvpayne here: https://t.co/5jXHUvJuZM

$INTC $AMD $NVDA https://t.co/CpeRGXVuV2",INTC,Intel Corporation,0.0,0.768,0.232,0.8957,Positive
2022-07-23,"Clear your calendar, because this week is going to be a rollercoaster üòç

Tell me, which earnings are you looking forward to?

$ULVR $NXP $MSFT $V $MMM $UPS $KO $TXN $META $GOOG $AMZN $BN $QCOM $BMY $KMB $CB $STAG $ADP $AAPL $PFE $MO $SHEL $HSY $INTC $TROW $XOM $ABBV $CVX $PG https://t.co/mmw4cOVE0m",INTC,Intel Corporation,0.0,0.904,0.096,0.6808,Positive
2022-07-23,"Earnings next week.

$NEM
$CDNS
$NXPI
$ARE
$BRO
$PKG
$PRM
$MSFT
$GOOGL
$V
$KO
$MCD
$UPS
$TXN
$RTX
$MDLZ
$CB
$MMM
$GE
$UBS
$GM
$META
$TMUS
$QCOM
$BMY
$BA
$F
$SHOP
$SPOT
$AAPL
$AMZN
$PFE
$MA
$MRK
$TMO
$INTC
$VALE
$ROKU
$XOM
$PG
$ABBV
$SONY
$CVX

&amp; many more

https://t.co/lNGVHeFz2o",INTC,Intel Corporation,0.0,1.0,0.0,0.0,Neutral
2022-07-23,"üí•BIG WEEK OF Q2 EARNINGS AHEAD üëÄüëÄ

*Mon: -
*Tues: $GOOGL $MSFT $V $UPS $KO $MCD $GM
*Wed: $META $SHOP $BA $F
*Thurs: $AAPL $AMZN $INTC $PFE $MA
*Fri: $XOM $CVX

$DIA $SPY $QQQ $IWM $VIX https://t.co/4vAXUdXGFO",INTC,Intel Corporation,0.0,1.0,0.0,0.0,Neutral
2022-07-23,"$tsla $Amzn $intc $Pton 

I‚Äôll keep typing these out. Lot of messages saying it‚Äôs helping. Hope a few ppl not on the bus or who are but can‚Äôt listen in all day banked. 

Have a good weekend Everyone. Hit the ground running Monday üê∏üíú https://t.co/3XE92lH9HN",INTC,Intel Corporation,0.0,0.769,0.231,0.9217,Positive
2022-07-24,"Earnings next week.

$NEM
$CDNS
$NXPI
$ARE
$BRO
$PKG
$PRM
$MSFT
$GOOGL
$V
$KO
$MCD
$UPS
$TXN
$RTX
$MDLZ
$CB
$MMM
$GE
$UBS
$GM
$META
$TMUS
$QCOM
$BMY
$BA
$F
$SHOP
$SPOT
$AAPL
$AMZN
$PFE
$MA
$MRK
$TMO
$INTC
$VALE
$ROKU
$XOM
$PG
$ABBV
$SONY
$CVX

&amp; many more

https://t.co/lNGVHenXDO",INTC,Intel Corporation,0.0,1.0,0.0,0.0,Neutral
2022-07-24,"HUGE EARNINGS WEEK AHEAD HIGHLIGHTED THE ONES I AM WATCHING 

$AAPL $AMZN $META $INTC $MSFT $PFE $MA $SHOP $BA $TSM $V $UPS  $XOM $TDOC  $KO $F $ROKU $QCOM $TLRY $GM $GE $SPOT $MO $MCD $SPOT $RTX $WM $PG https://t.co/UFlosjuESy",INTC,Intel Corporation,0.0,0.926,0.074,0.4648,Positive
2022-07-24,"üí•This Week's Most Notable #Earnings:

*Mon: $WHR $NXPI $NEM
*Tues: $MSFT $GOOGL $V $UPS $KO $MCD $CMG $GM $GE $MMM $RTX
*Wed: $META $SHOP $ETSY $TDOC $SPOT $QCOM $BA $F
*Thurs: $AAPL $AMZN $INTC $ROKU $LUV $MA $PFE $MRK $TLRY $MO $X
*Fri: $XOM $CVX $PG $CL $ABBV $AZN

$SPY $QQQ https://t.co/Kl18VCIwCz",INTC,Intel Corporation,0.0,1.0,0.0,0.0,Neutral
2022-07-24,"‚ö†Ô∏è3 Stocks To Watch This Week:

-Alphabet
-Amazon
-Intel

üëâ https://t.co/TCsiGrBd16 

$GOOGL $AMZN $INTC https://t.co/CHzOlDmJdf",INTC,Intel Corporation,0.0,0.909,0.091,0.1779,Positive
2022-07-24,"The Dark Side Of The Semiconductor Design Renaissance
Fixed costs soaring due to photomask sets, verification, and validation
As the design renaissance flourishes, fixed costs + risk soar. How many dead bodies will litter the ground?
$INTC $TSM $AMD $NVDA
https://t.co/9aVUSFkR8E",INTC,Intel Corporation,0.141,0.859,0.0,-0.7506,Negative
2022-07-25,"üí•Week Ahead:

*Mon: -
*Tues: Consumer Confidence, New Home Sales; $MSFT $GOOGL $V $UPS $KO $MCD
*Wed: Durable Goods, Pending Home Sales; Fed Rate Hike, Powell; $META $BA $F
*Thurs: Q2 GDP, Jobless Claims; $AAPL $AMZN $INTC $ROKU $LUV $MA
*Fri: PCE Inflation; $XOM $CVX $PG $CL https://t.co/CYf6mZzoF5",INTC,Intel Corporation,0.0,0.934,0.066,0.5106,Positive
2022-07-27,BREAKING : The chips bill has been passed by the Senate. $NVDA $QCOM $INTC $AMD https://t.co/jqh8Cms9db,INTC,Intel Corporation,0.0,1.0,0.0,0.0,Neutral
2022-07-27,"*SENATE VOTES TO GIVE A $52B BOOST TO US SEMICONDUCTOR INDUSTRY

LETS GO $INTC $AMD $NVDA",INTC,Intel Corporation,0.0,0.847,0.153,0.4019,Positive
2022-07-28,$AMD's gross margin is now comfortably above $INTC's. What a difference 5 years makes.,INTC,Intel Corporation,0.173,0.67,0.156,-0.0772,Negative
2022-07-28,"Intel, $INTC, CFO says every penny counts in what might be a recession.",INTC,Intel Corporation,0.189,0.811,0.0,-0.4215,Negative
2022-07-28,"This slide is rough to look at, but hard not to imagine that @AMD had something to do with it. $INTC #Intel https://t.co/8xEteu3LeO",INTC,Intel Corporation,0.068,0.932,0.0,-0.1531,Negative
2022-07-28,"Intel, $INTC, CEO Gelsinger says he is confident this is the bottom.",INTC,Intel Corporation,0.0,0.775,0.225,0.4939,Positive
2022-07-28,"*INTEL CEO GELSINGER SAYS `CONFIDENT THIS IS THE BOTTOM'

WTF IS THIS LMAO $INTC",INTC,Intel Corporation,0.174,0.502,0.324,0.5106,Positive
2022-07-28,"‚Äú.. one of the worst reports of the whole season, and that‚Äôs saying something ..‚Äù - @knowledge_vital $INTC https://t.co/dRW7HdlUp8",INTC,Intel Corporation,0.186,0.814,0.0,-0.6249,Negative
2022-07-28,"Some post earnings moves $AMZN $INTC $ROKU

Waiting on Apple $AAPL at 4:30 https://t.co/SFAE6OV6ji",INTC,Intel Corporation,0.0,1.0,0.0,0.0,Neutral
2022-07-28,"‚ö†Ô∏èBREAKING:

*INTEL STOCK TUMBLES 9% AS EARNINGS, REVENUE MISS EXPECTATIONS

$INTC https://t.co/5iS3yTs10U",INTC,Intel Corporation,0.175,0.825,0.0,-0.3254,Negative
2022-07-28,"Earnings tomorrow:

$AAPL Apple
$AMZN Amazon
$ROKU Roku 
$MA Mastercard
$PFE Pfizer
$TLRY Tilray
$INTC Intel
$HTZ Hertz",INTC,Intel Corporation,0.0,0.909,0.091,0.1779,Positive
2022-07-28,"$INTC earnings:

- Revenue: $15.3B, est: $17.9B
- EPS: $0.29, est: $0.69

https://t.co/IT1bYdd76A",INTC,Intel Corporation,0.0,1.0,0.0,0.0,Neutral
2022-07-28,"Intel will be free cash flow negative for years to come.
Intel is will not be able to afford the planned fab buildouts, even with EU and US subsidies.
They will need to raise debt
@PGelsinger should cut their dividend, they already cut their buybacks last year.
$INTC #CHIPSAct",INTC,Intel Corporation,0.174,0.72,0.106,-0.4767,Negative
2022-07-28,"$AMZN up 12% after hours on earnings
$INTC down 10%
Still waiting for biggest one $AAPL",INTC,Intel Corporation,0.0,1.0,0.0,0.0,Neutral
2022-07-28,"Good! No wonder why the thieves want to steal $52B from taxpayers. Burn baby burn üî• 
$INTC https://t.co/j7MbMSFb3X",INTC,Intel Corporation,0.413,0.435,0.152,-0.8016,Negative
2022-07-28,EARNINGS: Intel Q2 EPS $0.29 Adj. vs. $0.70 Est.; Q2 Revs. $15.32B vs. $17.92B Est. ‚Ä¢ $INTC https://t.co/DyneXDAzB0 https://t.co/LCQStDx46x,INTC,Intel Corporation,0.0,1.0,0.0,0.0,Neutral
2022-07-29,"Here's the intro of today's #MarketOutlook video from 
@MarketScholars 

Watch the full video for free here:

https://t.co/1hEx4eBlYU

Mentioned: $SPY $SPX $QQQ $IWM $RUT $USO $GLD $TLT $EEM $EFA $TNX $AAPL $META $AMZN $GOOGL $MSFT $SCHW $INTC $ROKU $CMCSA $CEG $ETSY $ENPH $JD https://t.co/vagQdhf6Ui",INTC,Intel Corporation,0.0,0.87,0.13,0.7297,Positive
2022-07-29,"Intel Cuts Fab Buildout by $4B To Pay Billions In Dividends
Intel had their first net loss in at least 30 years.
Despite this, they are ""committed to growing the dividend‚Äù while cutting fab buildouts by $4 billion.
Shame on you @PGelsinger @intel  
$INTC
https://t.co/agLF4pPpyd",INTC,Intel Corporation,0.187,0.639,0.174,0.0772,Positive
2022-07-29,"üê≥ news:

- GDP contracts, White House says no recession
- Yellen: US to move to sustainable growth
- $INTC / $ROKU üìâ, $AAPL / $AMZN üìà
- SF: state of emergency
- CHIPS+ Bill passes, Biden to sign next
- Xi x Biden
- Jobless claims up
- Futures: https://t.co/nH5RI94Tsz https://t.co/olZJBnrLy5",INTC,Intel Corporation,0.044,0.873,0.083,0.3252,Positive
2022-07-29,"INTEL EARNINGS THREAD $INTC 

üßµ https://t.co/dZzonPIk8F",INTC,Intel Corporation,0.0,1.0,0.0,0.0,Neutral
2022-07-29,"Guest hosting w/ @dee_bosa on @CNBC from 6-7PM ET tonight.  Discussion on: 1) recent tech earnings, 2) have we seen THE bottom, 3) the Fed, inflation &amp; valuations &amp; 4) importance of risk management &amp; position sizing around earnings- $AMZN $MSFT $GOOGL, 5) Chips Act- $INTC.",INTC,Intel Corporation,0.043,0.905,0.051,0.1027,Positive
2022-07-29,"$AMD has passed Intel, $INTC, in market cap.",INTC,Intel Corporation,0.0,1.0,0.0,0.0,Neutral
2022-07-29,$AMD now has a larger market cap than Intel $INTC,INTC,Intel Corporation,0.0,1.0,0.0,0.0,Neutral
2022-07-29,"Dan Niles covered his shorts on $snap dump before the megas reported, sold $intc before it‚Äôs print when was long it for chips act and got massively long $amzn before the print. Be like Dan and never make a mistake ever on any position",INTC,Intel Corporation,0.054,0.852,0.094,0.2349,Positive
2022-07-31,"Dividend Stocks are Found in all Industriesüí∞

Real Estate üè¢
$O
$SPG
$VICI
$DLR
$AMT
$ADC
$STAG

Retail üõí
$HD
$DG
$TJX
$NKE
$TSCO
$COST

Consumerüßç
$PG
$KO
$MO
$PEP

Techüíª
$TXN
$TSM
$INTC
$AAPL
$MSFT

Industrial üè≠
$DE
$WM
$LMT

Utilityüîã
$XEL
$NEE

What others would you add?",INTC,Intel Corporation,0.0,1.0,0.0,0.0,Neutral
2022-08-03,"A tale of two different stories - AMD continues to take market share from Intel in the data center market by posting an 83% quarterly YoY increase in revenue with strong forward guidance, while Intel posted a 16% decline. 

$AMD $INTC https://t.co/wUUkIs5iwi",INTC,Intel Corporation,0.0,0.833,0.167,0.7783,Positive
2022-08-03,$INTC misery is $AMD lunch üòã https://t.co/uMglk7Bblq,INTC,Intel Corporation,0.316,0.684,0.0,-0.5719,Negative
2022-08-03,"$AMD data center segment grew 83% year-over-year during the June quarter. $INTC, by comparison, last week reported a 16% year-over-year sales drop for its data-center server unit over the same period.",INTC,Intel Corporation,0.065,0.935,0.0,-0.2732,Negative
2022-08-03,"$AMD Lisa as always dropping torpedoes. 70% YoY growth, 6% YoY margin expansion, and 2x of Net Income YoY. Different picture vs old, dying $INTC.",INTC,Intel Corporation,0.0,0.902,0.098,0.3818,Positive
2022-08-04,"ITALY AND INTEL CLOSE TO A 5 $BILLION DEAL FOR A CHIP FACTORY

ITALY WILL FINANCE 40% OF IT $INTC https://t.co/CzVBDuAbIr",INTC,Intel Corporation,0.0,1.0,0.0,0.0,Neutral
2022-08-04,"Italy, Intel, $INTC, are close to a $5B deal for an advanced packaging factory.",INTC,Intel Corporation,0.0,0.867,0.133,0.25,Positive
2022-08-09,"Dividend pending $364.87 
$INTC $WFC $OHI $AAPL $ET. 

‚ÄúDo you know the only thing that gives me pleasure? It's to see my dividends coming in.‚Äù

John D. Rockefeller https://t.co/UEGNdtUcFp",INTC,Intel Corporation,0.0,0.883,0.117,0.5719,Positive
2022-08-09,"Intel, $INTC, is seen as the biggest beneficiary of the U.S. CHIPS and Science Act, according to Bank of America, $BAC.",INTC,Intel Corporation,0.0,0.866,0.134,0.4767,Positive
2022-08-09,"If Cathie had any brains üß† or any trading skill, she will buy $INTC and she will sell $NVDA 

This proves I will be right that $arkk will trade 24.5 dollars",INTC,Intel Corporation,0.0,1.0,0.0,0.0,Neutral
2022-08-09,"$AMD down 6.3% on broader semiconductor weakness

As investors we gotta ask ourselves.. Why did $NVDA, $MU, and $INTC all report terrible numbers while slashing guide? Why did $AMD guide in line and beat expectations?",INTC,Intel Corporation,0.207,0.793,0.0,-0.8105,Negative
2022-08-12,"Seth Klarman buys: $WBD, $AMZN , $EDU.. cuts : $INTC, $META, $GOOG https://t.co/Nb09GxXYA7",INTC,Intel Corporation,0.155,0.845,0.0,-0.296,Negative
2022-08-12,"Semiconductor foundry performance in 2Q22. Thread.

Except for Intel, all other foundries grew revenue.

TSMC: 36.7%
GloFo: 23.0%
UMC: 41.6%
SMIC: 41.6%
Intel: -53.8%
$TSM $INTC $TSEM $GFS $UMC $SSNLF $SMIC https://t.co/xXWRjIodFV",INTC,Intel Corporation,0.0,1.0,0.0,0.0,Neutral
2022-08-12,"Very interesting data from Jefferies showing CPU and GPU instance share in the top cloud providers. Haven't come across this level of granularity before $NVDA $AMD $INTC 

CPUs - clear trend of AMD taking share from Intel, but also AWS's Graviton being pushed strongly as well https://t.co/62pvghhgpL",INTC,Intel Corporation,0.0,0.745,0.255,0.8656,Positive
2022-08-14,"Cross sectional analysis is a great place to start when doing valuation. You can put any val metric on Y-Axis &amp; growth driver on X-Axis. Once you identify undervalued co's, you can start doing work on underlying biz (avoid secular decliners, etc) $META $INTC $XOM $PFE $GOOG $BAC https://t.co/LK7QaCcWxu",INTC,Intel Corporation,0.04,0.838,0.122,0.6705,Positive
2022-08-16,"Intel, $INTC, is seen as the biggest beneficiary of the U.S. CHIPS and Science Act, per Bank of America, $BAC.",INTC,Intel Corporation,0.0,0.86,0.14,0.4767,Positive
2022-08-17,"TSMC already has 7 major customers for 3nm (N3), with Apple first, then Intel, and AMD, Nvidia, Qualcomm, MediaTek and Broadcom, media report, and TSMC will stick to its original 3nm capacity expansion schedule as it ramps production. $TSM $AAPL $INTC $AMD $NVDA $QCOM $AVGO",INTC,Intel Corporation,0.0,0.95,0.05,0.3182,Positive
2022-08-20,"IBM's packaging on Telum Z16 is awesome!
0.37ns latency die to die versus Intel Sapphire Rapids which does 2.4ns - nearly order magnitude better!
0.26pj/bit transferred vs 0.5pj/bit - nearly half of @intel SPR
Good job @IBM and our very own @wassickt 
$IBM $INTC $AMD $TSM https://t.co/0h8ph1ZZsP",INTC,Intel Corporation,0.129,0.697,0.174,0.3987,Positive
2022-08-20,"Some Dividend Stocks in Techüíª

$INTC Intel
$AAPL Apple
$CSCO Cisco
$MSFT Microsoft
$AVGO Broadcom
$QCOM Qualcomm
$HPQ Hewlett-Packard
$TXN Texas Instruments
$IBM International Business
$TSM Taiwan Semiconductor
$ADP Automatic Data Processing

Are you holding any of these?",INTC,Intel Corporation,0.0,1.0,0.0,0.0,Neutral
2022-08-22,USED THE GAINS TO BUY THE DIP ON $INTC ANOTHER $350K WORTH AT $33.91 https://t.co/Kjjk5wEyuQ,INTC,Intel Corporation,0.0,0.693,0.307,0.6971,Positive
2022-08-22,Bought 6 shares of $INTC at $34.06,INTC,Intel Corporation,0.0,0.732,0.268,0.296,Positive
2022-08-23,"*INTEL TO JOINTLY INVEST UP TO $30 BILLION  IN CHIP FACTORIES IN ARIZONA

*INTEL ADVANCES SEMICONDUCTOR CO-INVESTMENT PROGRAM

*INTEL TO HOLD 51% BROOKFIELD 49% OF THE INVESTMENT VEHICLE

$INTC $BAM",INTC,Intel Corporation,0.0,1.0,0.0,0.0,Neutral
2022-08-25,"CEO OF INTEL BOUGHT ANOTHER 14,800 SHARES TODAY FOR $500,000 $INTC",INTC,Intel Corporation,0.0,0.773,0.227,0.4466,Positive
2022-08-25,"Important: the semiconductor industry is concentrated. Many of the world's chipmakers, including $AAPL, $INTC, $NVDA, $AMD, and $QCOM, rely on $TSM.

This graphic helps to illustrate just how devastating an invasion of Taiwan that kneecaps $TSM would be for the rest of the world. https://t.co/w018mAWFqi",INTC,Intel Corporation,0.085,0.828,0.087,-0.2263,Negative
2022-08-26,$INTC strikes $30B deal to build new chip factory,INTC,Intel Corporation,0.238,0.762,0.0,-0.3612,Negative
2022-08-26,"‚úÖGood Day To Buy More Future Income‚úÖ
3 Shares $SCHD at $74.31
2 shares $PNR at 46.20
3 Shares $SWK at $90.15
3 Shares $GOOG at $111.78
5 Shares $VFC at $41.28
4 Shares $INTC at 33.42
4 Shares $VZ at $43.28

What did you guys grab today? ‚è¨",INTC,Intel Corporation,0.0,0.768,0.232,0.9081,Positive
2022-08-30,"Another üü• Day &amp; More Future Income Added ‚úÖ

2 Shares $MDT at $87.25
2 Shares $INTC at $32.37
1 Share $SCHD at $73.00
1 Share $SWK at $89.81
2 Shares $LYB at $83.51
3 Shares $VZ at $42.61
2 Shares $GOOG at $109.25
1 Share $JNJ at $162.15

What did you guys add today?",INTC,Intel Corporation,0.0,0.687,0.313,0.9603,Positive
2022-09-01,"$75.2 in dividends earned today! $28.66 from $INTC, $21.52 from $KR, $20.88 from $SJM, and $4.14 from $V",INTC,Intel Corporation,0.0,1.0,0.0,0.0,Neutral
2022-09-02,"Friday Adds For Future Income ‚úÖ

3 shares $VZ at $41.18
2 shares $LYB $80.75
1 share $MDT $86.96
8 shares $CMCSA $35.66 (new position)
2 shares $INTC $31.16
2 shares $SCHD $71.81
2 shares $PNR  $43.78
1 share $SWK $85.50 
2 shares $GOOG $108.15

What did you buy today?",INTC,Intel Corporation,0.0,0.637,0.363,0.9663,Positive
2022-09-07,"Pat Gelsinger says $INTC's Q3 and full-year sales are ""trending toward the lower end"" of the guidance ranges it issued in July (big ? is how much of this is due to demand weakening more vs. additional share loss). https://t.co/WcRnJM8axq",INTC,Intel Corporation,0.181,0.765,0.054,-0.5908,Negative
2022-09-08,BIDEN TO ATTEND INTEL‚ÄôS $20 BILLION OHIO PLANT‚ÄôS GROUNDBREAKING TOMORROW $INTC,INTC,Intel Corporation,0.0,1.0,0.0,0.0,Neutral
2022-09-08,"Choppy waters ahead for the semiconductor industry amid slowing demand affecting chipmakers $INTC $TSM #Samsung, on top of the Sino-US chip war. Here's the latest. $SOX https://t.co/7bDn75PwBi https://t.co/siR0mNf9vW",INTC,Intel Corporation,0.168,0.776,0.056,-0.5574,Negative
2022-09-09,"Intel breaks ground today in Ohio.

Meanwhile, in North Carolina ‚Ä¶

$WOLF $INTC https://t.co/i8uwBMRZhT",INTC,Intel Corporation,0.0,1.0,0.0,0.0,Neutral
2022-09-09,"Biden is in rural Ohio today to celebrate the groundbreaking of Intel's, $INTC, new semiconductor factory site.",INTC,Intel Corporation,0.0,0.812,0.188,0.5719,Positive
2022-09-09,$INTC INTEL DIVIDEND YIELD ALMOST AT 5% INSANE https://t.co/Od0ja40XSX,INTC,Intel Corporation,0.324,0.676,0.0,-0.5898,Negative
2022-09-10,"Here‚Äôs a look at which stocks have the most shares bought by insiders in the past month:

$NKLA $COUP $ROKU $AMD $INTU $Z $PINS $INTC $SYNA $NFLX $NOW $ACMR $QRVO $INSG $S https://t.co/XQV9gFvz93",INTC,Intel Corporation,0.0,0.928,0.072,0.3597,Positive
2022-09-13,"$INTC under $30 üëÄ 

Falling Knife or Undervalued?

*No Position",INTC,Intel Corporation,0.151,0.849,0.0,-0.1531,Negative
2022-09-13,"üõíWent Shopping On The Dip üìâ

$CMCSA 9 shares $34.08
$AOS 4 shares $54.41
$HD 1 share $280 (new position)
$MO 3 shares $43.23
$JNJ 1 share $161.65
$TROW 2 shares $116.33
$WHR 2 shares $148.05
$SCHD 2 shares $71.62
$INTC 6 shares $29.72

What did you guys buy today?",INTC,Intel Corporation,0.0,0.685,0.315,0.9413,Positive
2022-09-13,"At times like these, the question must be asked. What stocks are obvious buys at these prices?

Some potential picks...

$GOOGL Google $104
$NVDA Nvidia $131
$META Meta $153
$MMM 3M $120
$INTC Intel $29",INTC,Intel Corporation,0.0,0.932,0.068,0.3612,Positive
2022-09-13,$amd of today vs. $intc of 2000. ironic isn't it... https://t.co/XBVUfczmDS,INTC,Intel Corporation,0.13,0.87,0.0,-0.128,Negative
2022-09-15,"Thanks for checking out todays #stickynote, pls re-tweet üëÄüíØ

$BYND disaster and new 52 lows, look to smash the $19.75 bottom

$MSFT $250 a very key level,if we break its a SS to $248...

$AMD repeat yday $78 SHORT

$INTC if we rally to $30 SS, chips in trouble

$SBUX LONG $90 https://t.co/j0ykKIJHKH",INTC,Intel Corporation,0.137,0.796,0.067,-0.6597,Negative
2022-09-15,Senator Tommy Tuberville just filed for his purchase of at least $101K worth of Intel $INTC according to CongressTrading https://t.co/Pdbq4RC9yO,INTC,Intel Corporation,0.0,0.909,0.091,0.2263,Positive
2022-09-16,"$INTC
- forward PE of 10x
- EV/sales 1.9x
- EV/EBITDA 4x
- dividend yield of 5.06%
- Mobileye IPO eventually
- CEO bought stock at $33 weeks ago
- CEO said ""this is the bottom"" on CNBC after last Q, mentioned the words ""this is the bottom"" on the conference call at least 3 times",INTC,Intel Corporation,0.0,1.0,0.0,0.0,Neutral
2022-09-16,"*INTEL MAINTAINS QUARTERLY DIVIDEND AT 36.5 CENTS/SHR

*EX-DATE IS NOV. 4, PAYABLE DEC. 1 TO SHAREHOLDERS

DAMM INTEL STILL TRADING AT 5.1% DIVIDEND YIELD WITH NO PLANS TO CUT THE DIVIDEND $INTC",INTC,Intel Corporation,0.161,0.839,0.0,-0.6971,Negative
2022-09-16,"Before the CHIPS+ Bill was signed by Biden on August 9th, and after Congress passed the Act in July 28th, Tommy Tuberville purchased up to $265,000 of Intel, $INTC.

$INTC is to be a beneficiary of the bill.

The trades were done on 08/05, disclosed on 09/15.",INTC,Intel Corporation,0.0,0.937,0.063,0.4767,Positive
2022-09-17,"10 high quality dividend growth stocks with a starting yield of 3%+

$MDT - Medtronic 
$TROW - T. Rowe Price
$TXN - Texas Instruments 
$EMN - Eastman Chem.
$INTC - Intel 
$GLW - Corning 
$UPS - United Parcel Services
$CNQ - Canadian Natural 
$SWK - Stanley B&amp;D 
$TD - TD Bank",INTC,Intel Corporation,0.0,0.859,0.141,0.7845,Positive
2022-09-19,"My top 5 stock positions to date:

1. Intel $INTC 8.3%
2. 3M $MMM 8.0%
3. AT&amp;T $T 8.0%
4. Realty Income $O 7.3%
5. Altria Group $MO 6.7%",INTC,Intel Corporation,0.0,0.94,0.06,0.2023,Positive
2022-09-21,$INTC dividend is now 5%. Stock is 29 dollar at a p/e of 6.,INTC,Intel Corporation,0.0,1.0,0.0,0.0,Neutral
2022-09-22,"$INTC hitting major support from 2012, 2015 and 2016. Nice oversold chart with time count. Good level at $28 for a strong bounce imo. Potential turn around story. #SwingTrade #Trading #Investing #StocksToBuy https://t.co/Wagq1eWmib",INTC,Intel Corporation,0.0,0.707,0.293,0.8999,Positive
2022-09-22,"Notable large cap stocks that hit new 52 Week Lows at some point today

$AMD
$DOCU
FedEx $FDX
Google $GOOGL
Intel $INTC
Southwest $LUV
Mastercard $MA
Facebook $META
3M $MMM
Microsoft $MSFT
Micron $MU
Nike $NKE
Nvidia $NVDA
Shopify $SHOP
Square $SQ
AT&amp;T $T
Visa $V
Verizon $VZ
$ZM",INTC,Intel Corporation,0.036,0.964,0.0,-0.2023,Negative
2022-09-22,Here's the 34 S&amp;P 500 stocks with market caps above $20 billion that are now down over the last 5 years on a total return basis.  $META $BKNG $SLB $WFC $C $GILD $BA $GE $MMM $FDX $DD $INTC https://t.co/Ue5QQSDsFA,INTC,Intel Corporation,0.0,1.0,0.0,0.0,Neutral
2022-09-23,"Bought 3 shares of $MSFT at $237.24, 5 shares of $TXN at $161.13, 1 share of $V at $183.17, and 4 shares of $INTC at $27.53",INTC,Intel Corporation,0.0,0.714,0.286,0.7783,Positive
2022-09-23,"Some notable large cap stocks that hit new 52 Week lows today

$AMD
Citi $C
Caterpillar $CAT 
Salesforce $CRM
Google $GOOGL
Intel $INTC
Mastercard $MA
Facebook $META
3M $MMM
Microsoft $MSFT
Micron $MU
Nike $NKE
Nvidia $NVDA
$SE
Shopify $SHOP
Square $SQ
AT&amp;T $T
$UPS
Visa $V",INTC,Intel Corporation,0.038,0.962,0.0,-0.2023,Negative
2022-09-23,"üõíBuys Todayüõí

# shares/ticker/price

5  $CMCSA $31.65
6 $VFC $35.50
3  $LYB $72.45
3  $TSN $69.65
3  $INTC $27.50
20 $MFC $15.78
8 $LEG $33.83
8 $SCHD $67.90
4  $PRU $88.10
3 $SPG $88.25
2 $MDT $81.75
2 $VZ  $39.15
2 $AOS $49.90
2 $O  $61.65
1 $SWK $77.68

What did you buy?",INTC,Intel Corporation,0.0,0.921,0.079,0.694,Positive
2022-09-26,"Yesterday's winners will not be the winners of tomorrow

30 year chart of former ""Horseman"" $INTC

The ‚öìÔ∏èVWAP from the 2000 peak is approx 2790 which means the average long from that high is losing money https://t.co/vHrUZlYn1U",INTC,Intel Corporation,0.122,0.805,0.073,-0.2626,Negative
2022-09-26,"And just like that $INTC is below the 2014 highs.
All buyers over the past 4.5 years under water. https://t.co/7rns3jE8QO",INTC,Intel Corporation,0.0,0.884,0.116,0.3612,Positive
2022-09-26,"These companies are the same price as they were many years ago, accounting for dividends.

$META Meta $138 - 2017
$VZ Verizon $38 - 2016
$DIS Disney $98 - 2015
$BABA Alibaba $80 - 2015
$INTC Intel $27 - 2014
$MMM 3M $112 - 2014",INTC,Intel Corporation,0.0,1.0,0.0,0.0,Neutral
2022-09-26,"While semis have been under pressure due to macro factors, some have been able to grow their cash substantially. Here‚Äôs a look at the top stocks with the biggest YoY growth in their cash:

$ADI $NVDA $AVGO $AMD $TSM $TXN $SNPS $ON $NXPI $MPWR $INTC $CDNS $MCHP $QCOM $KLAC https://t.co/hSNsAVn1nC",INTC,Intel Corporation,0.041,0.877,0.082,0.296,Positive
2022-09-27,"Bought 2 shares of $MSFT at $236.34, 1 share of $V at $179.17, 4 shares of $MO at $41.10, and 2 shares of $INTC at $26.78",INTC,Intel Corporation,0.0,0.714,0.286,0.7783,Positive
2022-09-28,"Intel just opened up OneAPI.
Anyone who contributes can vote in the governing body.
We could see OneAPI become the standard for the entire industry due to this.
It's a long road of course.
$INTC $NVDA
https://t.co/2gbBaiLcGC",INTC,Intel Corporation,0.0,1.0,0.0,0.0,Neutral
2022-09-29,"Lower prices in dividend stocks presents higher dividend yields - I buy fear and panic

$O 4.93%
$ABBV  3.9%
$TXN 3.05%
$TROW 4.38%
$PRU 5.03% 
$MO 9.08%
$ENB 6.51%
$MMM 5.22%
$ABR 12.58%
$INTC 5.38%
$KO 3.09%",INTC,Intel Corporation,0.204,0.796,0.0,-0.8271,Negative
